review_id,product_id,reviewer,stars,title,text,verified_purchase,helpful_votes,date
R-00001,HP-001,Aditi E.,5,Worth every rupee,The ear cushions stay comfortable through long sessions. Multipoint pairing means I never re-pair anything. The mic is good enough for daily meetings.,False,17,2025-07-09
R-00002,HP-001,Vikram B.,4,Very good overall,The ear cushions stay comfortable through long sessions. The foldable frame is great for travel. Mic quality drops in noisy places.,True,26,2026-02-24
R-00003,HP-001,Sneha S.,4,Happy with it,The ear cushions stay comfortable through long sessions. The noise cancellation tunes out the metro and office chatter really well. Mic quality drops in noisy places.,True,28,2026-02-03
R-00004,HP-001,Nisha N.,5,Best purchase this year,The ear cushions stay comfortable through long sessions. The noise cancellation tunes out the metro and office chatter really well. Switching between my laptop and phone is seamless.,True,0,2025-11-02
R-00005,HP-001,Tanvi D.,5,Best purchase this year,The ear cushions stay comfortable through long sessions. The noise cancellation tunes out the metro and office chatter really well. The foldable frame is great for travel.,True,15,2025-07-23
R-00006,HP-001,Siddharth H.,4,Very good overall,The ear cushions stay comfortable through long sessions. Folds flat and slips into my bag easily. Sound is fine but not exceptional for the price.,False,16,2026-06-09
R-00007,HP-001,Ananya D.,4,Happy with it,The ear cushions stay comfortable through long sessions. Fast charging has saved me more than once. The build feels a little plasticky.,True,32,2025-07-13
R-00008,HP-001,Siddharth J.,5,Worth every rupee,The ear cushions stay comfortable through long sessions. Switching between my laptop and phone is seamless. ANC makes my daily commute so much calmer.,True,23,2025-07-15
R-00009,HP-001,Kavya C.,5,Absolutely love these,The ear cushions stay comfortable through long sessions. The foldable frame is great for travel. ANC makes my daily commute so much calmer.,True,30,2026-01-25
R-00010,HP-001,Deepa P.,5,Best purchase this year,The ear cushions stay comfortable through long sessions. Connects instantly every time I open the case or switch it on. People on calls say my voice comes through clearly.,True,22,2026-03-04
R-00011,HP-001,Suresh N.,5,Best purchase this year,The ear cushions stay comfortable through long sessions. People on calls say my voice comes through clearly. The noise cancellation tunes out the metro and office chatter really well.,False,25,2026-04-04
R-00012,HP-001,Naveen B.,5,Worth every rupee,The ear cushions stay comfortable through long sessions. The foldable frame is great for travel. ANC makes my daily commute so much calmer.,True,8,2025-09-14
R-00013,HP-001,Aarav E.,5,Best purchase this year,The ear cushions stay comfortable through long sessions. A ten minute charge gives hours of playback. Multipoint pairing means I never re-pair anything.,True,38,2025-11-15
R-00014,HP-001,Ananya S.,5,Best purchase this year,The ear cushions stay comfortable through long sessions. Folds flat and slips into my bag easily. Connects instantly every time I open the case or switch it on.,True,35,2026-04-22
R-00015,HP-001,Ananya L.,5,Absolutely love these,The ear cushions stay comfortable through long sessions. Multipoint pairing means I never re-pair anything. Bluetooth pairing is quick and the connection stays stable.,True,25,2026-03-17
R-00016,HP-001,Faisal C.,5,Absolutely love these,The ear cushions stay comfortable through long sessions. The mic is good enough for daily meetings. ANC makes my daily commute so much calmer.,True,20,2026-07-03
R-00017,HP-001,Imran L.,4,Happy with it,The ear cushions stay comfortable through long sessions. Multipoint pairing means I never re-pair anything. Bluetooth dropped once or twice in a crowded area.,True,10,2026-07-06
R-00018,HP-001,Faisal S.,5,Worth every rupee,The ear cushions stay comfortable through long sessions. People on calls say my voice comes through clearly. Switching between my laptop and phone is seamless.,False,40,2026-07-04
R-00019,HP-001,Karthik L.,4,Very good overall,The ear cushions stay comfortable through long sessions. The mic is good enough for daily meetings. Mic quality drops in noisy places.,True,21,2026-03-06
R-00020,HP-001,Shruti A.,5,Absolutely love these,The ear cushions stay comfortable through long sessions. ANC makes my daily commute so much calmer. Fast charging has saved me more than once.,True,29,2025-10-03
R-00021,HP-001,Harish C.,5,Best purchase this year,The ear cushions stay comfortable through long sessions. ANC makes my daily commute so much calmer. The mic is good enough for daily meetings.,True,2,2025-11-07
R-00022,HP-001,Divya B.,5,Absolutely love these,The ear cushions stay comfortable through long sessions. The foldable frame is great for travel. Connects instantly every time I open the case or switch it on.,True,16,2025-09-27
R-00023,HP-001,Deepa S.,5,Absolutely love these,The ear cushions stay comfortable through long sessions. People on calls say my voice comes through clearly. Switching between my laptop and phone is seamless.,True,5,2025-10-27
R-00024,HP-001,Ravi B.,5,Absolutely love these,The ear cushions stay comfortable through long sessions. Fast charging has saved me more than once. Folds flat and slips into my bag easily.,True,29,2026-01-28
R-00025,HP-001,Rohan L.,4,Solid pick,The ear cushions stay comfortable through long sessions. Multipoint pairing means I never re-pair anything. The build feels a little plasticky.,True,29,2026-02-27
R-00026,HP-001,Varun B.,5,Best purchase this year,The ear cushions stay comfortable through long sessions. The foldable frame is great for travel. The mic is good enough for daily meetings.,True,12,2025-08-15
R-00027,HP-001,Pooja B.,4,Very good overall,The ear cushions stay comfortable through long sessions. Switching between my laptop and phone is seamless. Sound is fine but not exceptional for the price.,True,14,2025-09-16
R-00028,HP-001,Swathi J.,5,Worth every rupee,The ear cushions stay comfortable through long sessions. A ten minute charge gives hours of playback. The noise cancellation tunes out the metro and office chatter really well.,False,13,2026-05-25
R-00029,HP-001,Karthik L.,4,Solid pick,The ear cushions stay comfortable through long sessions. Multipoint pairing means I never re-pair anything. Bluetooth dropped once or twice in a crowded area.,False,38,2025-07-29
R-00030,HP-001,Manoj L.,4,Solid pick,The ear cushions stay comfortable through long sessions. The mic is good enough for daily meetings. Bluetooth dropped once or twice in a crowded area.,True,3,2026-06-06
R-00031,HP-001,Rahul T.,5,Absolutely love these,The ear cushions stay comfortable through long sessions. The mic is good enough for daily meetings. ANC makes my daily commute so much calmer.,False,39,2025-12-11
R-00032,HP-001,Vikram B.,4,Happy with it,The ear cushions stay comfortable through long sessions. The foldable frame is great for travel. Sound is fine but not exceptional for the price.,False,2,2026-06-03
R-00033,HP-001,Swathi H.,4,Happy with it,The ear cushions stay comfortable through long sessions. Switching between my laptop and phone is seamless. Battery drains a little faster than the advertised 38 hours.,True,8,2025-06-26
R-00034,HP-001,Kavya T.,5,Worth every rupee,The ear cushions stay comfortable through long sessions. Switching between my laptop and phone is seamless. People on calls say my voice comes through clearly.,True,32,2026-04-09
R-00035,HP-001,Pooja D.,5,Worth every rupee,The ear cushions stay comfortable through long sessions. A ten minute charge gives hours of playback. Multipoint pairing means I never re-pair anything.,False,38,2025-09-18
R-00036,HP-001,Nisha T.,4,Solid pick,The ear cushions stay comfortable through long sessions. Multipoint pairing means I never re-pair anything. The build feels a little plasticky.,True,23,2025-08-17
R-00037,HP-001,Meera K.,5,Absolutely love these,The ear cushions stay comfortable through long sessions. Switching between my laptop and phone is seamless. People on calls say my voice comes through clearly.,True,33,2026-06-07
R-00038,HP-001,Rahul N.,5,Absolutely love these,The ear cushions stay comfortable through long sessions. Connects instantly every time I open the case or switch it on. ANC makes my daily commute so much calmer.,False,19,2026-04-15
R-00039,HP-001,Pooja C.,5,Absolutely love these,The ear cushions stay comfortable through long sessions. Fast charging has saved me more than once. ANC makes my daily commute so much calmer.,True,5,2026-04-25
R-00040,HP-001,Pooja H.,5,Best purchase this year,The ear cushions stay comfortable through long sessions. The foldable frame is great for travel. Bluetooth pairing is quick and the connection stays stable.,False,20,2025-12-25
R-00041,HP-001,Nisha L.,4,Very good overall,The ear cushions stay comfortable through long sessions. The noise cancellation tunes out the metro and office chatter really well. The companion controls take some getting used to.,True,29,2025-09-04
R-00042,HP-001,Priya E.,5,Best purchase this year,The ear cushions stay comfortable through long sessions. Multipoint pairing means I never re-pair anything. A ten minute charge gives hours of playback.,True,24,2025-10-13
R-00043,HP-001,Naveen J.,4,Happy with it,The ear cushions stay comfortable through long sessions. Folds flat and slips into my bag easily. The build feels a little plasticky.,True,3,2025-06-17
R-00044,HP-001,Tanvi V.,5,Absolutely love these,The ear cushions stay comfortable through long sessions. Fast charging has saved me more than once. Multipoint pairing means I never re-pair anything.,False,37,2026-06-19
R-00045,HP-001,Rahul C.,5,Worth every rupee,The ear cushions stay comfortable through long sessions. Folds flat and slips into my bag easily. Fast charging has saved me more than once.,True,19,2026-08-23
R-00046,HP-001,Siddharth M.,5,Absolutely love these,The ear cushions stay comfortable through long sessions. Fast charging has saved me more than once. The mic is good enough for daily meetings.,True,23,2026-06-09
R-00047,HP-001,Sneha E.,5,Best purchase this year,The ear cushions stay comfortable through long sessions. People on calls say my voice comes through clearly. The noise cancellation tunes out the metro and office chatter really well.,True,36,2025-09-13
R-00048,HP-001,Priya T.,5,Worth every rupee,The ear cushions stay comfortable through long sessions. The noise cancellation tunes out the metro and office chatter really well. Fast charging has saved me more than once.,False,10,2025-11-10
R-00049,HP-001,Siddharth B.,5,Best purchase this year,The ear cushions stay comfortable through long sessions. Connects instantly every time I open the case or switch it on. The foldable frame is great for travel.,True,16,2026-05-06
R-00050,HP-001,Ishita S.,5,Absolutely love these,The ear cushions stay comfortable through long sessions. The foldable frame is great for travel. Multipoint pairing means I never re-pair anything.,True,30,2026-01-10
R-00051,HP-001,Varun S.,5,Worth every rupee,The ear cushions stay comfortable through long sessions. People on calls say my voice comes through clearly. ANC makes my daily commute so much calmer.,False,32,2025-11-03
R-00052,HP-002,Aditi R.,5,Absolutely love these,The ear cushions stay comfortable through long sessions. The mic is good enough for daily meetings. Folds flat and slips into my bag easily.,True,24,2026-03-27
R-00053,HP-002,Aditi T.,5,Best purchase this year,The ear cushions stay comfortable through long sessions. Folds flat and slips into my bag easily. Bluetooth pairing is quick and the connection stays stable.,True,38,2026-04-26
R-00054,HP-002,Faisal A.,4,Solid pick,The ear cushions stay comfortable through long sessions. The foldable frame is great for travel. Sound is fine but not exceptional for the price.,True,27,2025-12-25
R-00055,HP-002,Rohan C.,5,Worth every rupee,The ear cushions stay comfortable through long sessions. Bluetooth pairing is quick and the connection stays stable. The foldable frame is great for travel.,True,5,2026-07-09
R-00056,HP-002,Ravi P.,5,Absolutely love these,The ear cushions stay comfortable through long sessions. Bluetooth pairing is quick and the connection stays stable. Folds flat and slips into my bag easily.,True,21,2026-09-02
R-00057,HP-002,Swathi A.,5,Best purchase this year,The ear cushions stay comfortable through long sessions. The mic is good enough for daily meetings. The foldable frame is great for travel.,False,32,2026-01-16
R-00058,HP-002,Aarav P.,4,Happy with it,The ear cushions stay comfortable through long sessions. People on calls say my voice comes through clearly. Wish it had noise cancellation at this price.,True,26,2025-10-09
R-00059,HP-002,Ananya C.,5,Best purchase this year,The ear cushions stay comfortable through long sessions. The mic is good enough for daily meetings. The foldable frame is great for travel.,True,40,2026-04-12
R-00060,HP-002,Kavya K.,1,Poor experience,Sound is fine but not exceptional for the price. Wish it had noise cancellation at this price. Would not buy again.,True,30,2026-09-01
R-00061,HP-002,Nisha K.,4,Happy with it,The ear cushions stay comfortable through long sessions. People on calls say my voice comes through clearly. The build feels a little plasticky.,True,3,2026-05-29
R-00062,HP-002,Ishita S.,3,Average for the price,The ear cushions stay comfortable through long sessions. Wish it had noise cancellation at this price. Mic quality drops in noisy places.,True,10,2025-07-28
R-00063,HP-002,Rahul S.,4,Solid pick,The ear cushions stay comfortable through long sessions. Folds flat and slips into my bag easily. Bluetooth dropped once or twice in a crowded area.,True,25,2025-12-06
R-00064,HP-002,Imran J.,5,Absolutely love these,The ear cushions stay comfortable through long sessions. Connects instantly every time I open the case or switch it on. The mic is good enough for daily meetings.,True,21,2025-12-10
R-00065,HP-002,Harish L.,5,Worth every rupee,The ear cushions stay comfortable through long sessions. Connects instantly every time I open the case or switch it on. The foldable frame is great for travel.,False,32,2025-10-23
R-00066,HP-002,Karthik E.,3,Average for the price,The ear cushions stay comfortable through long sessions. Wish it had noise cancellation at this price. Bluetooth dropped once or twice in a crowded area.,True,6,2026-06-28
R-00067,HP-002,Aarav D.,5,Worth every rupee,The ear cushions stay comfortable through long sessions. The mic is good enough for daily meetings. Bluetooth pairing is quick and the connection stays stable.,True,3,2025-08-12
R-00068,HP-002,Harish K.,5,Absolutely love these,The ear cushions stay comfortable through long sessions. People on calls say my voice comes through clearly. The foldable frame is great for travel.,False,15,2026-05-06
R-00069,HP-002,Aarav V.,3,Average for the price,The ear cushions stay comfortable through long sessions. Battery drains a little faster than the advertised 32 hours. Wish it had noise cancellation at this price.,True,3,2026-01-24
R-00070,HP-002,Ravi D.,4,Very good overall,The ear cushions stay comfortable through long sessions. The mic is good enough for daily meetings. Bluetooth dropped once or twice in a crowded area.,True,35,2026-02-21
R-00071,HP-002,Manoj T.,4,Solid pick,The ear cushions stay comfortable through long sessions. Folds flat and slips into my bag easily. Bluetooth dropped once or twice in a crowded area.,True,21,2025-07-16
R-00072,HP-002,Ishita R.,5,Worth every rupee,The ear cushions stay comfortable through long sessions. Connects instantly every time I open the case or switch it on. The mic is good enough for daily meetings.,True,34,2026-07-17
R-00073,HP-002,Faisal H.,5,Worth every rupee,The ear cushions stay comfortable through long sessions. Connects instantly every time I open the case or switch it on. People on calls say my voice comes through clearly.,True,20,2026-03-09
R-00074,HP-002,Priya C.,5,Worth every rupee,The ear cushions stay comfortable through long sessions. The mic is good enough for daily meetings. The foldable frame is great for travel.,True,29,2025-06-10
R-00075,HP-002,Varun E.,4,Solid pick,The ear cushions stay comfortable through long sessions. Folds flat and slips into my bag easily. Mic quality drops in noisy places.,True,3,2026-07-03
R-00076,HP-002,Priya E.,3,Average for the price,The ear cushions stay comfortable through long sessions. The companion controls take some getting used to. Battery drains a little faster than the advertised 32 hours.,True,36,2026-06-20
R-00077,HP-002,Suresh E.,4,Very good overall,The ear cushions stay comfortable through long sessions. The foldable frame is great for travel. Bluetooth dropped once or twice in a crowded area.,True,5,2026-06-07
R-00078,HP-002,Arjun T.,5,Absolutely love these,The ear cushions stay comfortable through long sessions. Bluetooth pairing is quick and the connection stays stable. Folds flat and slips into my bag easily.,True,22,2025-09-05
R-00079,HP-002,Naveen T.,3,Good but not perfect,The ear cushions stay comfortable through long sessions. Bluetooth dropped once or twice in a crowded area. Mic quality drops in noisy places.,True,40,2026-05-02
R-00080,HP-002,Varun B.,4,Very good overall,The ear cushions stay comfortable through long sessions. Folds flat and slips into my bag easily. Bluetooth dropped once or twice in a crowded area.,True,27,2025-11-10
R-00081,HP-002,Harish J.,4,Solid pick,The ear cushions stay comfortable through long sessions. The mic is good enough for daily meetings. Bluetooth dropped once or twice in a crowded area.,True,13,2026-09-03
R-00082,HP-002,Ravi R.,4,Very good overall,The ear cushions stay comfortable through long sessions. Connects instantly every time I open the case or switch it on. Battery drains a little faster than the advertised 32 hours.,True,17,2025-11-13
R-00083,HP-002,Swathi B.,4,Very good overall,The ear cushions stay comfortable through long sessions. People on calls say my voice comes through clearly. Bluetooth dropped once or twice in a crowded area.,True,35,2026-02-16
R-00084,HP-002,Pooja M.,5,Absolutely love these,The ear cushions stay comfortable through long sessions. The foldable frame is great for travel. People on calls say my voice comes through clearly.,False,21,2025-10-19
R-00085,HP-002,Ananya V.,3,"Decent, with caveats",The ear cushions stay comfortable through long sessions. Battery drains a little faster than the advertised 32 hours. Wish it had noise cancellation at this price.,True,9,2025-09-16
R-00086,HP-002,Rohan B.,5,Best purchase this year,The ear cushions stay comfortable through long sessions. Connects instantly every time I open the case or switch it on. Folds flat and slips into my bag easily.,False,14,2025-08-13
R-00087,HP-002,Tanvi T.,5,Absolutely love these,The ear cushions stay comfortable through long sessions. The foldable frame is great for travel. Bluetooth pairing is quick and the connection stays stable.,True,15,2026-08-05
R-00088,HP-002,Deepa E.,5,Worth every rupee,The ear cushions stay comfortable through long sessions. Connects instantly every time I open the case or switch it on. People on calls say my voice comes through clearly.,True,13,2026-07-26
R-00089,HP-002,Vikram K.,4,Happy with it,The ear cushions stay comfortable through long sessions. The foldable frame is great for travel. Bluetooth dropped once or twice in a crowded area.,True,37,2026-07-14
R-00090,HP-002,Siddharth S.,4,Very good overall,The ear cushions stay comfortable through long sessions. People on calls say my voice comes through clearly. Sound is fine but not exceptional for the price.,True,31,2026-05-01
R-00091,HP-002,Priya H.,4,Solid pick,The ear cushions stay comfortable through long sessions. People on calls say my voice comes through clearly. Mic quality drops in noisy places.,True,36,2026-03-08
R-00092,HP-002,Ravi K.,5,Worth every rupee,The ear cushions stay comfortable through long sessions. Folds flat and slips into my bag easily. Connects instantly every time I open the case or switch it on.,True,21,2026-07-31
R-00093,HP-002,Ananya T.,4,Happy with it,The ear cushions stay comfortable through long sessions. People on calls say my voice comes through clearly. Bluetooth dropped once or twice in a crowded area.,False,26,2026-08-17
R-00094,HP-002,Tanvi R.,4,Happy with it,The ear cushions stay comfortable through long sessions. Connects instantly every time I open the case or switch it on. The companion controls take some getting used to.,True,34,2026-05-05
R-00095,HP-002,Nisha J.,3,Average for the price,The ear cushions stay comfortable through long sessions. Battery drains a little faster than the advertised 32 hours. Mic quality drops in noisy places.,True,11,2026-08-14
R-00096,HP-002,Rohan R.,4,Solid pick,The ear cushions stay comfortable through long sessions. Connects instantly every time I open the case or switch it on. Mic quality drops in noisy places.,False,23,2025-07-26
R-00097,HP-002,Harish H.,4,Very good overall,The ear cushions stay comfortable through long sessions. People on calls say my voice comes through clearly. Mic quality drops in noisy places.,True,36,2025-09-13
R-00098,HP-002,Aditi R.,4,Solid pick,The ear cushions stay comfortable through long sessions. The mic is good enough for daily meetings. Bluetooth dropped once or twice in a crowded area.,True,10,2026-01-03
R-00099,HP-003,Kavya D.,4,Solid pick,The ear cushions stay comfortable through long sessions. Connects instantly every time I open the case or switch it on. Bluetooth dropped once or twice in a crowded area.,True,16,2026-06-29
R-00100,HP-003,Naveen A.,5,Worth every rupee,The ear cushions stay comfortable through long sessions. Bluetooth pairing is quick and the connection stays stable. The mic is good enough for daily meetings.,True,11,2026-05-19
R-00101,HP-003,Karthik M.,3,Good but not perfect,The ear cushions stay comfortable through long sessions. Battery drains a little faster than the advertised 40 hours. The companion controls take some getting used to.,True,8,2026-06-16
R-00102,HP-003,Shruti C.,5,Worth every rupee,The ear cushions stay comfortable through long sessions. The noise cancellation tunes out the metro and office chatter really well. The mic is good enough for daily meetings.,False,16,2026-07-11
R-00103,HP-003,Ananya C.,3,Average for the price,The ear cushions stay comfortable through long sessions. Battery drains a little faster than the advertised 40 hours. The companion controls take some getting used to.,True,12,2025-10-11
R-00104,HP-003,Sneha K.,5,Best purchase this year,The ear cushions stay comfortable through long sessions. ANC makes my daily commute so much calmer. People on calls say my voice comes through clearly.,True,16,2025-06-18
R-00105,HP-003,Kavya D.,4,Very good overall,The ear cushions stay comfortable through long sessions. A ten minute charge gives hours of playback. Battery drains a little faster than the advertised 40 hours.,True,5,2026-08-01
R-00106,HP-003,Swathi S.,5,Best purchase this year,The ear cushions stay comfortable through long sessions. A ten minute charge gives hours of playback. The mic is good enough for daily meetings.,True,33,2026-08-30
R-00107,HP-003,Divya D.,4,Solid pick,The ear cushions stay comfortable through long sessions. A ten minute charge gives hours of playback. The companion controls take some getting used to.,True,27,2025-06-24
R-00108,HP-003,Karthik J.,4,Solid pick,The ear cushions stay comfortable through long sessions. People on calls say my voice comes through clearly. Bluetooth dropped once or twice in a crowded area.,False,23,2025-09-09
R-00109,HP-003,Vikram E.,5,Worth every rupee,The ear cushions stay comfortable through long sessions. A ten minute charge gives hours of playback. The mic is good enough for daily meetings.,True,3,2026-07-28
R-00110,HP-003,Shruti V.,5,Absolutely love these,The ear cushions stay comfortable through long sessions. ANC makes my daily commute so much calmer. Bluetooth pairing is quick and the connection stays stable.,True,40,2025-10-28
R-00111,HP-003,Tanvi T.,5,Worth every rupee,The ear cushions stay comfortable through long sessions. The noise cancellation tunes out the metro and office chatter really well. Connects instantly every time I open the case or switch it on.,True,27,2025-12-19
R-00112,HP-003,Imran K.,4,Happy with it,The ear cushions stay comfortable through long sessions. A ten minute charge gives hours of playback. Bluetooth dropped once or twice in a crowded area.,True,8,2025-12-31
R-00113,HP-003,Karthik D.,4,Happy with it,The ear cushions stay comfortable through long sessions. Bluetooth pairing is quick and the connection stays stable. The build feels a little plasticky.,True,1,2025-07-10
R-00114,HP-003,Deepa D.,5,Absolutely love these,The ear cushions stay comfortable through long sessions. ANC makes my daily commute so much calmer. Bluetooth pairing is quick and the connection stays stable.,False,18,2026-07-25
R-00115,HP-003,Shruti M.,5,Worth every rupee,The ear cushions stay comfortable through long sessions. A ten minute charge gives hours of playback. Connects instantly every time I open the case or switch it on.,True,16,2025-06-29
R-00116,HP-003,Aditi G.,4,Happy with it,The ear cushions stay comfortable through long sessions. The noise cancellation tunes out the metro and office chatter really well. Battery drains a little faster than the advertised 40 hours.,False,9,2026-04-05
R-00117,HP-003,Shruti A.,2,Not great,Sound is fine but not exceptional for the price. Mic quality drops in noisy places. Expected better for the price.,False,24,2025-12-12
R-00118,HP-003,Naveen L.,4,Solid pick,The ear cushions stay comfortable through long sessions. Connects instantly every time I open the case or switch it on. Bluetooth dropped once or twice in a crowded area.,True,4,2025-09-04
R-00119,HP-003,Kavya D.,3,"Decent, with caveats",The ear cushions stay comfortable through long sessions. Battery drains a little faster than the advertised 40 hours. Sound is fine but not exceptional for the price.,True,36,2025-08-15
R-00120,HP-003,Tanvi R.,5,Worth every rupee,The ear cushions stay comfortable through long sessions. Connects instantly every time I open the case or switch it on. The noise cancellation tunes out the metro and office chatter really well.,False,9,2025-08-22
R-00121,HP-003,Karthik P.,4,Solid pick,The ear cushions stay comfortable through long sessions. Connects instantly every time I open the case or switch it on. Battery drains a little faster than the advertised 40 hours.,True,0,2025-11-06
R-00122,HP-003,Siddharth N.,5,Worth every rupee,The ear cushions stay comfortable through long sessions. People on calls say my voice comes through clearly. The noise cancellation tunes out the metro and office chatter really well.,True,31,2026-07-22
R-00123,HP-003,Ravi T.,5,Worth every rupee,The ear cushions stay comfortable through long sessions. People on calls say my voice comes through clearly. Fast charging has saved me more than once.,True,9,2025-06-18
R-00124,HP-003,Ravi A.,5,Best purchase this year,The ear cushions stay comfortable through long sessions. The noise cancellation tunes out the metro and office chatter really well. Fast charging has saved me more than once.,True,22,2026-01-17
R-00125,HP-003,Nisha T.,4,Very good overall,The ear cushions stay comfortable through long sessions. ANC makes my daily commute so much calmer. Mic quality drops in noisy places.,False,33,2025-06-01
R-00126,HP-003,Imran K.,3,"Decent, with caveats",The ear cushions stay comfortable through long sessions. Mic quality drops in noisy places. Bluetooth dropped once or twice in a crowded area.,False,28,2025-10-20
R-00127,HP-003,Karthik V.,4,Happy with it,The ear cushions stay comfortable through long sessions. ANC makes my daily commute so much calmer. Sound is fine but not exceptional for the price.,True,39,2025-10-10
R-00128,HP-003,Arjun T.,5,Absolutely love these,The ear cushions stay comfortable through long sessions. The mic is good enough for daily meetings. The noise cancellation tunes out the metro and office chatter really well.,True,8,2026-01-15
R-00129,HP-003,Aarav C.,5,Best purchase this year,The ear cushions stay comfortable through long sessions. People on calls say my voice comes through clearly. Bluetooth pairing is quick and the connection stays stable.,True,37,2026-06-27
R-00130,HP-003,Pooja A.,5,Worth every rupee,The ear cushions stay comfortable through long sessions. The mic is good enough for daily meetings. ANC makes my daily commute so much calmer.,True,11,2026-02-27
R-00131,HP-003,Shruti C.,5,Worth every rupee,The ear cushions stay comfortable through long sessions. ANC makes my daily commute so much calmer. Connects instantly every time I open the case or switch it on.,True,5,2025-07-24
R-00132,HP-003,Swathi V.,3,Good but not perfect,The ear cushions stay comfortable through long sessions. Mic quality drops in noisy places. The companion controls take some getting used to.,True,3,2026-08-08
R-00133,HP-003,Imran J.,5,Best purchase this year,The ear cushions stay comfortable through long sessions. People on calls say my voice comes through clearly. Bluetooth pairing is quick and the connection stays stable.,True,40,2025-06-07
R-00134,HP-003,Karthik K.,5,Worth every rupee,The ear cushions stay comfortable through long sessions. The mic is good enough for daily meetings. The noise cancellation tunes out the metro and office chatter really well.,True,28,2025-07-24
R-00135,HP-003,Swathi N.,5,Best purchase this year,The ear cushions stay comfortable through long sessions. Bluetooth pairing is quick and the connection stays stable. A ten minute charge gives hours of playback.,False,36,2025-12-15
R-00136,HP-003,Karthik E.,3,"Decent, with caveats",The ear cushions stay comfortable through long sessions. Bluetooth dropped once or twice in a crowded area. The companion controls take some getting used to.,True,37,2025-12-01
R-00137,HP-003,Karthik S.,5,Worth every rupee,The ear cushions stay comfortable through long sessions. Fast charging has saved me more than once. Bluetooth pairing is quick and the connection stays stable.,True,18,2026-08-30
R-00138,HP-003,Rahul V.,5,Worth every rupee,The ear cushions stay comfortable through long sessions. People on calls say my voice comes through clearly. Bluetooth pairing is quick and the connection stays stable.,True,12,2026-01-31
R-00139,HP-003,Lakshmi J.,5,Absolutely love these,The ear cushions stay comfortable through long sessions. The mic is good enough for daily meetings. The noise cancellation tunes out the metro and office chatter really well.,True,6,2026-02-21
R-00140,HP-003,Lakshmi J.,5,Best purchase this year,The ear cushions stay comfortable through long sessions. Bluetooth pairing is quick and the connection stays stable. A ten minute charge gives hours of playback.,True,10,2025-12-31
R-00141,HP-003,Imran B.,5,Worth every rupee,The ear cushions stay comfortable through long sessions. ANC makes my daily commute so much calmer. Bluetooth pairing is quick and the connection stays stable.,False,31,2025-09-22
R-00142,HP-003,Rohan D.,5,Absolutely love these,The ear cushions stay comfortable through long sessions. Bluetooth pairing is quick and the connection stays stable. Fast charging has saved me more than once.,True,32,2025-07-10
R-00143,HP-004,Meera S.,3,Good but not perfect,Fits snugly and stays put while I move around. Wish it had noise cancellation at this price. Ear tips took a while to fit properly.,False,31,2026-05-23
R-00144,HP-004,Aarav A.,5,Best purchase this year,Fits snugly and stays put while I move around. Survives sweaty gym sessions without any trouble. Connects instantly every time I open the case or switch it on.,True,19,2026-05-29
R-00145,HP-004,Karthik T.,5,Best purchase this year,Fits snugly and stays put while I move around. People on calls say my voice comes through clearly. Bluetooth pairing is quick and the connection stays stable.,False,0,2025-11-27
R-00146,HP-004,Rohan L.,4,Happy with it,Fits snugly and stays put while I move around. Bluetooth pairing is quick and the connection stays stable. Battery drains a little faster than the advertised 20 hours.,False,37,2025-06-01
R-00147,HP-004,Varun M.,4,Solid pick,Fits snugly and stays put while I move around. Connects instantly every time I open the case or switch it on. Battery drains a little faster than the advertised 20 hours.,True,13,2025-11-26
R-00148,HP-004,Shruti C.,5,Absolutely love these,Fits snugly and stays put while I move around. Bluetooth pairing is quick and the connection stays stable. The mic is good enough for daily meetings.,False,24,2025-10-07
R-00149,HP-004,Imran N.,4,Happy with it,Fits snugly and stays put while I move around. Bluetooth pairing is quick and the connection stays stable. Battery drains a little faster than the advertised 20 hours.,True,18,2026-06-28
R-00150,HP-004,Nisha E.,4,Solid pick,Fits snugly and stays put while I move around. Connects instantly every time I open the case or switch it on. Mic quality drops in noisy places.,True,29,2025-08-16
R-00151,HP-004,Tanvi C.,4,Happy with it,Fits snugly and stays put while I move around. People on calls say my voice comes through clearly. Wish it had noise cancellation at this price.,False,22,2025-12-27
R-00152,HP-004,Swathi P.,4,Solid pick,Fits snugly and stays put while I move around. Handled a surprise rain shower on my run just fine. Mic quality drops in noisy places.,False,4,2025-07-18
R-00153,HP-004,Tanvi P.,5,Worth every rupee,Fits snugly and stays put while I move around. Handled a surprise rain shower on my run just fine. Bluetooth pairing is quick and the connection stays stable.,True,21,2026-03-14
R-00154,HP-004,Ananya S.,3,"Decent, with caveats",Fits snugly and stays put while I move around. Bluetooth dropped once or twice in a crowded area. Sound is fine but not exceptional for the price.,False,9,2026-08-13
R-00155,HP-004,Naveen A.,3,Average for the price,Fits snugly and stays put while I move around. Battery drains a little faster than the advertised 20 hours. Ear tips took a while to fit properly.,True,6,2026-01-27
R-00156,HP-004,Imran A.,5,Best purchase this year,Fits snugly and stays put while I move around. Bluetooth pairing is quick and the connection stays stable. Survives sweaty gym sessions without any trouble.,False,10,2026-04-29
R-00157,HP-004,Sneha K.,3,Average for the price,Fits snugly and stays put while I move around. Sound is fine but not exceptional for the price. Ear tips took a while to fit properly.,True,17,2025-06-29
R-00158,HP-004,Deepa D.,3,Average for the price,Fits snugly and stays put while I move around. Ear tips took a while to fit properly. Battery drains a little faster than the advertised 20 hours.,False,17,2025-07-28
R-00159,HP-004,Ravi P.,5,Worth every rupee,Fits snugly and stays put while I move around. The mic is good enough for daily meetings. Handled a surprise rain shower on my run just fine.,True,32,2026-02-27
R-00160,HP-004,Karthik B.,5,Best purchase this year,Fits snugly and stays put while I move around. Survives sweaty gym sessions without any trouble. Bluetooth pairing is quick and the connection stays stable.,True,9,2025-11-24
R-00161,HP-004,Vikram B.,4,Solid pick,Fits snugly and stays put while I move around. Connects instantly every time I open the case or switch it on. Ear tips took a while to fit properly.,True,34,2026-01-03
R-00162,HP-004,Rohan A.,5,Best purchase this year,Fits snugly and stays put while I move around. The mic is good enough for daily meetings. Bluetooth pairing is quick and the connection stays stable.,False,9,2025-07-19
R-00163,HP-004,Naveen K.,4,Happy with it,Fits snugly and stays put while I move around. People on calls say my voice comes through clearly. Battery drains a little faster than the advertised 20 hours.,True,14,2025-12-12
R-00164,HP-004,Ishita A.,3,Good but not perfect,Fits snugly and stays put while I move around. Bluetooth dropped once or twice in a crowded area. The build feels a little plasticky.,True,15,2026-03-18
R-00165,HP-004,Swathi M.,5,Best purchase this year,Fits snugly and stays put while I move around. Survives sweaty gym sessions without any trouble. Bluetooth pairing is quick and the connection stays stable.,True,23,2026-06-26
R-00166,HP-004,Swathi S.,5,Worth every rupee,Fits snugly and stays put while I move around. The mic is good enough for daily meetings. Handled a surprise rain shower on my run just fine.,True,37,2026-05-23
R-00167,HP-004,Meera T.,5,Worth every rupee,Fits snugly and stays put while I move around. Connects instantly every time I open the case or switch it on. Survives sweaty gym sessions without any trouble.,True,25,2026-07-29
R-00168,HP-004,Ishita K.,4,Happy with it,Fits snugly and stays put while I move around. People on calls say my voice comes through clearly. Wish it had noise cancellation at this price.,True,28,2026-02-13
R-00169,HP-004,Siddharth M.,5,Best purchase this year,Fits snugly and stays put while I move around. Handled a surprise rain shower on my run just fine. The mic is good enough for daily meetings.,True,1,2026-08-30
R-00170,HP-004,Priya S.,4,Solid pick,Fits snugly and stays put while I move around. The mic is good enough for daily meetings. Wish it had noise cancellation at this price.,True,14,2026-05-26
R-00171,HP-004,Vikram J.,5,Worth every rupee,Fits snugly and stays put while I move around. Survives sweaty gym sessions without any trouble. The mic is good enough for daily meetings.,True,15,2025-07-23
R-00172,HP-004,Suresh T.,3,"Decent, with caveats",Fits snugly and stays put while I move around. Wish it had noise cancellation at this price. Mic quality drops in noisy places.,True,40,2026-01-28
R-00173,HP-004,Deepa L.,3,Average for the price,Fits snugly and stays put while I move around. Mic quality drops in noisy places. Ear tips took a while to fit properly.,True,8,2025-09-14
R-00174,HP-004,Ananya T.,3,"Decent, with caveats",Fits snugly and stays put while I move around. Bluetooth dropped once or twice in a crowded area. Mic quality drops in noisy places.,True,22,2026-08-23
R-00175,HP-004,Divya B.,3,Average for the price,Fits snugly and stays put while I move around. The companion controls take some getting used to. Bluetooth dropped once or twice in a crowded area.,True,8,2025-12-30
R-00176,HP-004,Meera R.,3,Average for the price,Fits snugly and stays put while I move around. Wish it had noise cancellation at this price. Battery drains a little faster than the advertised 20 hours.,True,0,2026-09-03
R-00177,HP-004,Shruti K.,4,Happy with it,Fits snugly and stays put while I move around. Connects instantly every time I open the case or switch it on. Wish it had noise cancellation at this price.,True,28,2026-07-02
R-00178,HP-004,Lakshmi S.,2,Disappointed,Ear tips took a while to fit properly. Battery drains a little faster than the advertised 20 hours. Expected better for the price.,True,4,2025-07-23
R-00179,HP-004,Aarav V.,3,"Decent, with caveats",Fits snugly and stays put while I move around. Battery drains a little faster than the advertised 20 hours. Bluetooth dropped once or twice in a crowded area.,True,11,2025-06-12
R-00180,HP-004,Karthik R.,5,Best purchase this year,Fits snugly and stays put while I move around. The mic is good enough for daily meetings. Survives sweaty gym sessions without any trouble.,False,14,2026-03-18
R-00181,HP-004,Rahul M.,4,Solid pick,Fits snugly and stays put while I move around. People on calls say my voice comes through clearly. Battery drains a little faster than the advertised 20 hours.,True,4,2025-06-01
R-00182,HP-004,Faisal L.,5,Worth every rupee,Fits snugly and stays put while I move around. Survives sweaty gym sessions without any trouble. People on calls say my voice comes through clearly.,False,1,2026-05-05
R-00183,HP-004,Ananya M.,4,Happy with it,Fits snugly and stays put while I move around. People on calls say my voice comes through clearly. Mic quality drops in noisy places.,True,38,2025-06-20
R-00184,HP-004,Rohan A.,3,"Decent, with caveats",Fits snugly and stays put while I move around. Wish it had noise cancellation at this price. Battery drains a little faster than the advertised 20 hours.,False,31,2025-07-09
R-00185,HP-004,Aarav K.,4,Very good overall,Fits snugly and stays put while I move around. Bluetooth pairing is quick and the connection stays stable. Sound is fine but not exceptional for the price.,True,4,2026-01-06
R-00186,HP-005,Karthik A.,4,Happy with it,Fits snugly and stays put while I move around. Switching between my laptop and phone is seamless. Sound is fine but not exceptional for the price.,True,28,2025-12-05
R-00187,HP-005,Rahul R.,5,Absolutely love these,Fits snugly and stays put while I move around. A ten minute charge gives hours of playback. The noise cancellation tunes out the metro and office chatter really well.,True,28,2026-08-12
R-00188,HP-005,Swathi C.,4,Very good overall,Fits snugly and stays put while I move around. Connects instantly every time I open the case or switch it on. The build feels a little plasticky.,True,39,2026-08-27
R-00189,HP-005,Tanvi N.,5,Absolutely love these,Fits snugly and stays put while I move around. People on calls say my voice comes through clearly. Handled a surprise rain shower on my run just fine.,True,36,2026-02-21
R-00190,HP-005,Priya C.,5,Worth every rupee,Fits snugly and stays put while I move around. People on calls say my voice comes through clearly. Handled a surprise rain shower on my run just fine.,True,3,2025-12-29
R-00191,HP-005,Rohan S.,5,Best purchase this year,Fits snugly and stays put while I move around. ANC makes my daily commute so much calmer. Multipoint pairing means I never re-pair anything.,False,28,2026-07-20
R-00192,HP-005,Rahul T.,4,Happy with it,Fits snugly and stays put while I move around. A ten minute charge gives hours of playback. Bluetooth dropped once or twice in a crowded area.,True,7,2025-09-07
R-00193,HP-005,Ishita T.,5,Worth every rupee,Fits snugly and stays put while I move around. The mic is good enough for daily meetings. Connects instantly every time I open the case or switch it on.,False,21,2026-02-01
R-00194,HP-005,Priya V.,5,Worth every rupee,Fits snugly and stays put while I move around. Handled a surprise rain shower on my run just fine. Switching between my laptop and phone is seamless.,True,23,2025-06-06
R-00195,HP-005,Ravi R.,5,Worth every rupee,Fits snugly and stays put while I move around. Multipoint pairing means I never re-pair anything. Survives sweaty gym sessions without any trouble.,True,27,2026-01-11
R-00196,HP-005,Faisal B.,4,Happy with it,Fits snugly and stays put while I move around. A ten minute charge gives hours of playback. The build feels a little plasticky.,True,34,2025-06-08
R-00197,HP-005,Rahul R.,5,Absolutely love these,Fits snugly and stays put while I move around. Connects instantly every time I open the case or switch it on. Switching between my laptop and phone is seamless.,True,11,2025-12-12
R-00198,HP-005,Sneha V.,5,Best purchase this year,Fits snugly and stays put while I move around. Connects instantly every time I open the case or switch it on. ANC makes my daily commute so much calmer.,True,2,2025-07-22
R-00199,HP-005,Rahul S.,4,Solid pick,Fits snugly and stays put while I move around. ANC makes my daily commute so much calmer. Battery drains a little faster than the advertised 28 hours.,True,40,2025-12-27
R-00200,HP-005,Faisal D.,4,Very good overall,Fits snugly and stays put while I move around. The mic is good enough for daily meetings. Sound is fine but not exceptional for the price.,True,1,2025-06-14
R-00201,HP-005,Ishita L.,5,Best purchase this year,Fits snugly and stays put while I move around. Fast charging has saved me more than once. People on calls say my voice comes through clearly.,True,19,2026-04-29
R-00202,HP-005,Faisal K.,5,Worth every rupee,Fits snugly and stays put while I move around. Bluetooth pairing is quick and the connection stays stable. The noise cancellation tunes out the metro and office chatter really well.,False,2,2026-08-27
R-00203,HP-005,Divya H.,4,Happy with it,Fits snugly and stays put while I move around. Handled a surprise rain shower on my run just fine. Mic quality drops in noisy places.,True,21,2025-07-10
R-00204,HP-005,Rohan N.,5,Worth every rupee,Fits snugly and stays put while I move around. Handled a surprise rain shower on my run just fine. The mic is good enough for daily meetings.,True,14,2026-07-23
R-00205,HP-005,Meera E.,4,Solid pick,Fits snugly and stays put while I move around. Multipoint pairing means I never re-pair anything. Bluetooth dropped once or twice in a crowded area.,False,23,2026-07-30
R-00206,HP-005,Rohan N.,4,Very good overall,Fits snugly and stays put while I move around. Multipoint pairing means I never re-pair anything. Battery drains a little faster than the advertised 28 hours.,True,20,2025-10-03
R-00207,HP-005,Arjun C.,4,Solid pick,Fits snugly and stays put while I move around. Fast charging has saved me more than once. Mic quality drops in noisy places.,True,7,2025-11-30
R-00208,HP-005,Manoj A.,5,Absolutely love these,Fits snugly and stays put while I move around. Connects instantly every time I open the case or switch it on. Switching between my laptop and phone is seamless.,False,12,2026-08-29
R-00209,HP-005,Karthik G.,5,Worth every rupee,Fits snugly and stays put while I move around. Multipoint pairing means I never re-pair anything. Fast charging has saved me more than once.,True,31,2026-04-12
R-00210,HP-005,Varun D.,5,Best purchase this year,Fits snugly and stays put while I move around. ANC makes my daily commute so much calmer. Connects instantly every time I open the case or switch it on.,True,38,2026-03-31
R-00211,HP-005,Aarav E.,5,Best purchase this year,Fits snugly and stays put while I move around. People on calls say my voice comes through clearly. Bluetooth pairing is quick and the connection stays stable.,True,28,2025-07-15
R-00212,HP-005,Lakshmi V.,5,Best purchase this year,Fits snugly and stays put while I move around. People on calls say my voice comes through clearly. Connects instantly every time I open the case or switch it on.,True,33,2025-09-03
R-00213,HP-005,Swathi K.,4,Happy with it,Fits snugly and stays put while I move around. A ten minute charge gives hours of playback. Mic quality drops in noisy places.,True,37,2026-07-05
R-00214,HP-005,Pooja C.,5,Absolutely love these,Fits snugly and stays put while I move around. A ten minute charge gives hours of playback. ANC makes my daily commute so much calmer.,True,15,2026-03-30
R-00215,HP-005,Deepa J.,3,"Decent, with caveats",Fits snugly and stays put while I move around. Mic quality drops in noisy places. Ear tips took a while to fit properly.,True,9,2025-12-16
R-00216,HP-005,Naveen M.,5,Best purchase this year,Fits snugly and stays put while I move around. People on calls say my voice comes through clearly. Bluetooth pairing is quick and the connection stays stable.,True,9,2026-02-04
R-00217,HP-005,Ravi J.,5,Best purchase this year,Fits snugly and stays put while I move around. A ten minute charge gives hours of playback. ANC makes my daily commute so much calmer.,False,8,2025-11-18
R-00218,HP-005,Vikram K.,4,Happy with it,Fits snugly and stays put while I move around. Bluetooth pairing is quick and the connection stays stable. Bluetooth dropped once or twice in a crowded area.,True,33,2025-10-18
R-00219,HP-005,Aditi D.,4,Very good overall,Fits snugly and stays put while I move around. The noise cancellation tunes out the metro and office chatter really well. Battery drains a little faster than the advertised 28 hours.,True,5,2025-11-23
R-00220,HP-005,Harish L.,5,Best purchase this year,Fits snugly and stays put while I move around. Survives sweaty gym sessions without any trouble. Switching between my laptop and phone is seamless.,False,12,2026-08-12
R-00221,HP-005,Karthik K.,4,Very good overall,Fits snugly and stays put while I move around. The mic is good enough for daily meetings. Bluetooth dropped once or twice in a crowded area.,True,29,2025-09-05
R-00222,HP-005,Ishita V.,5,Worth every rupee,Fits snugly and stays put while I move around. Multipoint pairing means I never re-pair anything. Handled a surprise rain shower on my run just fine.,True,37,2026-02-17
R-00223,HP-005,Shruti R.,5,Absolutely love these,Fits snugly and stays put while I move around. The noise cancellation tunes out the metro and office chatter really well. The mic is good enough for daily meetings.,True,12,2026-06-20
R-00224,HP-005,Shruti A.,5,Absolutely love these,Fits snugly and stays put while I move around. Switching between my laptop and phone is seamless. ANC makes my daily commute so much calmer.,True,22,2026-07-10
R-00225,HP-005,Swathi J.,5,Best purchase this year,Fits snugly and stays put while I move around. The mic is good enough for daily meetings. Handled a surprise rain shower on my run just fine.,True,13,2025-06-23
R-00226,HP-005,Rahul T.,5,Best purchase this year,Fits snugly and stays put while I move around. Fast charging has saved me more than once. Connects instantly every time I open the case or switch it on.,True,15,2026-03-19
R-00227,HP-005,Meera H.,4,Happy with it,Fits snugly and stays put while I move around. Multipoint pairing means I never re-pair anything. Ear tips took a while to fit properly.,True,22,2025-10-08
R-00228,HP-005,Manoj R.,3,"Decent, with caveats",Fits snugly and stays put while I move around. Mic quality drops in noisy places. Ear tips took a while to fit properly.,True,30,2025-11-09
R-00229,HP-005,Varun K.,4,Solid pick,Fits snugly and stays put while I move around. Bluetooth pairing is quick and the connection stays stable. Ear tips took a while to fit properly.,True,6,2025-12-14
R-00230,HP-005,Varun K.,5,Absolutely love these,Fits snugly and stays put while I move around. ANC makes my daily commute so much calmer. Switching between my laptop and phone is seamless.,True,19,2026-03-04
R-00231,HP-005,Aarav C.,3,Good but not perfect,Fits snugly and stays put while I move around. Battery drains a little faster than the advertised 28 hours. The build feels a little plasticky.,True,36,2025-11-18
R-00232,HP-005,Sneha P.,5,Absolutely love these,Fits snugly and stays put while I move around. Connects instantly every time I open the case or switch it on. Multipoint pairing means I never re-pair anything.,True,35,2026-08-29
R-00233,HP-005,Kavya L.,3,Average for the price,Fits snugly and stays put while I move around. The build feels a little plasticky. Ear tips took a while to fit properly.,True,21,2025-09-01
R-00234,HP-005,Arjun A.,4,Happy with it,Fits snugly and stays put while I move around. Switching between my laptop and phone is seamless. Ear tips took a while to fit properly.,False,11,2026-05-27
R-00235,HP-005,Arjun B.,5,Absolutely love these,Fits snugly and stays put while I move around. Handled a surprise rain shower on my run just fine. Bluetooth pairing is quick and the connection stays stable.,True,12,2025-09-12
R-00236,HP-006,Deepa N.,4,Happy with it,The ear cushions stay comfortable through long sessions. Great energy in the low end for the price. Battery drains a little faster than the advertised 45 hours.,True,30,2026-02-21
R-00237,HP-006,Meera G.,3,Average for the price,The ear cushions stay comfortable through long sessions. Battery drains a little faster than the advertised 45 hours. Bluetooth dropped once or twice in a crowded area.,False,36,2025-08-19
R-00238,HP-006,Varun T.,5,Worth every rupee,The ear cushions stay comfortable through long sessions. Folds flat and slips into my bag easily. Bluetooth pairing is quick and the connection stays stable.,False,1,2026-05-06
R-00239,HP-006,Vikram H.,4,Very good overall,The ear cushions stay comfortable through long sessions. Great energy in the low end for the price. Wish it had noise cancellation at this price.,True,13,2026-01-03
R-00240,HP-006,Nisha N.,3,"Decent, with caveats",The ear cushions stay comfortable through long sessions. Battery drains a little faster than the advertised 45 hours. A bit heavy after a couple of hours of use.,True,11,2025-08-27
R-00241,HP-006,Ishita A.,3,Good but not perfect,The ear cushions stay comfortable through long sessions. Bluetooth dropped once or twice in a crowded area. Battery drains a little faster than the advertised 45 hours.,False,23,2025-12-28
R-00242,HP-006,Rohan T.,3,"Decent, with caveats",The ear cushions stay comfortable through long sessions. A bit heavy after a couple of hours of use. The companion controls take some getting used to.,True,38,2026-04-07
R-00243,HP-006,Priya K.,4,Happy with it,The ear cushions stay comfortable through long sessions. The mic is good enough for daily meetings. Mic quality drops in noisy places.,False,31,2025-09-19
R-00244,HP-006,Imran B.,5,Absolutely love these,The ear cushions stay comfortable through long sessions. People on calls say my voice comes through clearly. Folds flat and slips into my bag easily.,True,31,2026-08-25
R-00245,HP-006,Priya R.,5,Best purchase this year,The ear cushions stay comfortable through long sessions. The bass is punchy without turning muddy. Connects instantly every time I open the case or switch it on.,True,0,2025-12-10
R-00246,HP-006,Divya T.,5,Absolutely love these,The ear cushions stay comfortable through long sessions. The mic is good enough for daily meetings. Connects instantly every time I open the case or switch it on.,True,31,2025-11-17
R-00247,HP-006,Nisha P.,3,Average for the price,The ear cushions stay comfortable through long sessions. A bit heavy after a couple of hours of use. Wish it had noise cancellation at this price.,True,35,2026-03-12
R-00248,HP-006,Sneha D.,5,Worth every rupee,The ear cushions stay comfortable through long sessions. Connects instantly every time I open the case or switch it on. People on calls say my voice comes through clearly.,False,6,2026-06-12
R-00249,HP-006,Deepa E.,5,Best purchase this year,The ear cushions stay comfortable through long sessions. Great energy in the low end for the price. People on calls say my voice comes through clearly.,False,4,2025-07-16
R-00250,HP-006,Ravi R.,5,Worth every rupee,The ear cushions stay comfortable through long sessions. The foldable frame is great for travel. The mic is good enough for daily meetings.,False,12,2026-05-11
R-00251,HP-006,Ishita K.,2,Disappointed,Battery drains a little faster than the advertised 45 hours. A bit heavy after a couple of hours of use. Expected better for the price.,True,36,2026-05-27
R-00252,HP-006,Pooja S.,4,Solid pick,The ear cushions stay comfortable through long sessions. Folds flat and slips into my bag easily. Bluetooth dropped once or twice in a crowded area.,False,37,2026-06-05
R-00253,HP-006,Deepa P.,5,Absolutely love these,The ear cushions stay comfortable through long sessions. Bluetooth pairing is quick and the connection stays stable. The foldable frame is great for travel.,True,26,2026-06-18
R-00254,HP-006,Deepa L.,3,"Decent, with caveats",The ear cushions stay comfortable through long sessions. Mic quality drops in noisy places. Battery drains a little faster than the advertised 45 hours.,True,28,2026-04-16
R-00255,HP-006,Nisha C.,3,Good but not perfect,The ear cushions stay comfortable through long sessions. Wish it had noise cancellation at this price. Mic quality drops in noisy places.,True,39,2026-02-13
R-00256,HP-006,Vikram T.,2,Disappointed,Battery drains a little faster than the advertised 45 hours. A bit heavy after a couple of hours of use. Expected better for the price.,True,18,2026-08-29
R-00257,HP-006,Manoj C.,5,Best purchase this year,The ear cushions stay comfortable through long sessions. Connects instantly every time I open the case or switch it on. The bass is punchy without turning muddy.,True,31,2025-07-25
R-00258,HP-006,Harish T.,4,Happy with it,The ear cushions stay comfortable through long sessions. The foldable frame is great for travel. Wish it had noise cancellation at this price.,True,3,2025-07-09
R-00259,HP-006,Varun G.,5,Worth every rupee,The ear cushions stay comfortable through long sessions. The mic is good enough for daily meetings. Connects instantly every time I open the case or switch it on.,True,38,2026-07-13
R-00260,HP-006,Nisha C.,5,Absolutely love these,The ear cushions stay comfortable through long sessions. The foldable frame is great for travel. The mic is good enough for daily meetings.,True,9,2026-07-07
R-00261,HP-006,Imran H.,5,Best purchase this year,The ear cushions stay comfortable through long sessions. Bluetooth pairing is quick and the connection stays stable. The bass is punchy without turning muddy.,True,20,2025-08-26
R-00262,HP-006,Imran A.,3,"Decent, with caveats",The ear cushions stay comfortable through long sessions. The companion controls take some getting used to. Battery drains a little faster than the advertised 45 hours.,True,23,2026-07-09
R-00263,HP-006,Priya H.,4,Happy with it,The ear cushions stay comfortable through long sessions. The foldable frame is great for travel. A bit heavy after a couple of hours of use.,True,29,2026-06-03
R-00264,HP-006,Divya S.,5,Worth every rupee,The ear cushions stay comfortable through long sessions. Folds flat and slips into my bag easily. People on calls say my voice comes through clearly.,True,20,2026-02-15
R-00265,HP-006,Rahul V.,3,"Decent, with caveats",The ear cushions stay comfortable through long sessions. Battery drains a little faster than the advertised 45 hours. A bit heavy after a couple of hours of use.,False,27,2025-11-11
R-00266,HP-006,Ishita S.,5,Best purchase this year,The ear cushions stay comfortable through long sessions. The bass is punchy without turning muddy. Connects instantly every time I open the case or switch it on.,True,13,2025-11-17
R-00267,HP-006,Ananya N.,5,Worth every rupee,The ear cushions stay comfortable through long sessions. Folds flat and slips into my bag easily. The bass is punchy without turning muddy.,True,2,2025-10-21
R-00268,HP-006,Tanvi J.,3,Average for the price,The ear cushions stay comfortable through long sessions. A bit heavy after a couple of hours of use. Bluetooth dropped once or twice in a crowded area.,True,39,2025-11-02
R-00269,HP-006,Aarav M.,5,Worth every rupee,The ear cushions stay comfortable through long sessions. Bluetooth pairing is quick and the connection stays stable. The bass is punchy without turning muddy.,True,0,2026-06-07
R-00270,HP-006,Lakshmi K.,4,Solid pick,The ear cushions stay comfortable through long sessions. Bluetooth pairing is quick and the connection stays stable. Wish it had noise cancellation at this price.,True,1,2026-02-16
R-00271,HP-006,Sneha A.,3,Good but not perfect,The ear cushions stay comfortable through long sessions. Mic quality drops in noisy places. Battery drains a little faster than the advertised 45 hours.,True,40,2025-10-11
R-00272,HP-006,Aarav S.,5,Worth every rupee,The ear cushions stay comfortable through long sessions. Bluetooth pairing is quick and the connection stays stable. The mic is good enough for daily meetings.,True,13,2026-05-13
R-00273,HP-006,Ananya G.,4,Happy with it,The ear cushions stay comfortable through long sessions. The mic is good enough for daily meetings. Battery drains a little faster than the advertised 45 hours.,True,37,2026-02-11
R-00274,HP-006,Karthik B.,4,Happy with it,The ear cushions stay comfortable through long sessions. Bluetooth pairing is quick and the connection stays stable. Mic quality drops in noisy places.,True,1,2026-04-30
R-00275,HP-006,Varun B.,3,Good but not perfect,The ear cushions stay comfortable through long sessions. Wish it had noise cancellation at this price. Bluetooth dropped once or twice in a crowded area.,True,11,2026-02-17
R-00276,HP-006,Lakshmi S.,4,Very good overall,The ear cushions stay comfortable through long sessions. Folds flat and slips into my bag easily. A bit heavy after a couple of hours of use.,True,9,2025-09-01
R-00277,HP-006,Harish T.,3,Good but not perfect,The ear cushions stay comfortable through long sessions. A bit heavy after a couple of hours of use. Mic quality drops in noisy places.,True,11,2025-07-06
R-00278,HP-006,Imran H.,4,Happy with it,The ear cushions stay comfortable through long sessions. Connects instantly every time I open the case or switch it on. A bit heavy after a couple of hours of use.,True,22,2025-06-14
R-00279,HP-006,Harish T.,5,Absolutely love these,The ear cushions stay comfortable through long sessions. The mic is good enough for daily meetings. Great energy in the low end for the price.,True,20,2026-04-13
R-00280,HP-006,Aditi B.,5,Worth every rupee,The ear cushions stay comfortable through long sessions. Folds flat and slips into my bag easily. The bass is punchy without turning muddy.,False,30,2026-06-20
R-00281,HP-006,Nisha R.,5,Best purchase this year,The ear cushions stay comfortable through long sessions. People on calls say my voice comes through clearly. Connects instantly every time I open the case or switch it on.,True,1,2026-01-14
R-00282,HP-006,Manoj M.,4,Very good overall,The ear cushions stay comfortable through long sessions. Bluetooth pairing is quick and the connection stays stable. Bluetooth dropped once or twice in a crowded area.,True,35,2026-08-30
R-00283,HP-006,Priya N.,4,Happy with it,The ear cushions stay comfortable through long sessions. Connects instantly every time I open the case or switch it on. Battery drains a little faster than the advertised 45 hours.,True,6,2026-02-27
R-00284,HP-006,Aditi L.,4,Solid pick,The ear cushions stay comfortable through long sessions. Connects instantly every time I open the case or switch it on. Sound is fine but not exceptional for the price.,True,20,2025-10-09
R-00285,HP-006,Ananya T.,3,"Decent, with caveats",The ear cushions stay comfortable through long sessions. Bluetooth dropped once or twice in a crowded area. A bit heavy after a couple of hours of use.,False,19,2026-03-29
R-00286,HP-006,Shruti N.,5,Best purchase this year,The ear cushions stay comfortable through long sessions. Connects instantly every time I open the case or switch it on. People on calls say my voice comes through clearly.,False,28,2025-07-30
R-00287,HP-006,Naveen M.,4,Very good overall,The ear cushions stay comfortable through long sessions. The foldable frame is great for travel. Bluetooth dropped once or twice in a crowded area.,True,12,2025-06-30
R-00288,HP-006,Divya D.,5,Best purchase this year,The ear cushions stay comfortable through long sessions. Great energy in the low end for the price. People on calls say my voice comes through clearly.,True,28,2026-05-23
R-00289,HP-006,Vikram A.,5,Worth every rupee,The ear cushions stay comfortable through long sessions. Bluetooth pairing is quick and the connection stays stable. The foldable frame is great for travel.,True,34,2026-02-11
R-00290,HP-007,Sneha K.,3,Good but not perfect,The ear cushions stay comfortable through long sessions. Bluetooth dropped once or twice in a crowded area. A bit heavy after a couple of hours of use.,True,5,2026-02-08
R-00291,HP-007,Shruti S.,4,Solid pick,The ear cushions stay comfortable through long sessions. The bass is punchy without turning muddy. Mic quality drops in noisy places.,True,36,2026-03-22
R-00292,HP-007,Deepa V.,5,Absolutely love these,The ear cushions stay comfortable through long sessions. Great energy in the low end for the price. ANC makes my daily commute so much calmer.,False,35,2025-09-02
R-00293,HP-007,Manoj B.,5,Best purchase this year,The ear cushions stay comfortable through long sessions. Fast charging has saved me more than once. People on calls say my voice comes through clearly.,True,4,2026-03-01
R-00294,HP-007,Nisha V.,5,Absolutely love these,The ear cushions stay comfortable through long sessions. The bass is punchy without turning muddy. The mic is good enough for daily meetings.,True,2,2026-01-26
R-00295,HP-007,Aarav T.,4,Very good overall,The ear cushions stay comfortable through long sessions. The noise cancellation tunes out the metro and office chatter really well. Mic quality drops in noisy places.,True,32,2026-08-28
R-00296,HP-007,Sneha D.,5,Worth every rupee,The ear cushions stay comfortable through long sessions. Bluetooth pairing is quick and the connection stays stable. A ten minute charge gives hours of playback.,True,31,2026-09-03
R-00297,HP-007,Harish V.,4,Solid pick,The ear cushions stay comfortable through long sessions. Bluetooth pairing is quick and the connection stays stable. Battery drains a little faster than the advertised 50 hours.,True,23,2026-02-06
R-00298,HP-007,Aditi H.,4,Happy with it,The ear cushions stay comfortable through long sessions. Fast charging has saved me more than once. Battery drains a little faster than the advertised 50 hours.,True,14,2026-08-23
R-00299,HP-007,Suresh A.,5,Absolutely love these,The ear cushions stay comfortable through long sessions. Bluetooth pairing is quick and the connection stays stable. Great energy in the low end for the price.,True,1,2026-05-14
R-00300,HP-007,Swathi K.,4,Happy with it,The ear cushions stay comfortable through long sessions. A ten minute charge gives hours of playback. Sound is fine but not exceptional for the price.,True,26,2026-01-22
R-00301,HP-007,Ishita M.,5,Best purchase this year,The ear cushions stay comfortable through long sessions. The mic is good enough for daily meetings. The noise cancellation tunes out the metro and office chatter really well.,True,13,2026-02-01
R-00302,HP-007,Naveen P.,4,Very good overall,The ear cushions stay comfortable through long sessions. The bass is punchy without turning muddy. Mic quality drops in noisy places.,True,2,2025-12-04
R-00303,HP-007,Ravi L.,4,Very good overall,The ear cushions stay comfortable through long sessions. The bass is punchy without turning muddy. Sound is fine but not exceptional for the price.,True,40,2026-08-31
R-00304,HP-007,Imran H.,5,Absolutely love these,The ear cushions stay comfortable through long sessions. People on calls say my voice comes through clearly. The bass is punchy without turning muddy.,True,8,2026-02-12
R-00305,HP-007,Sneha S.,4,Very good overall,The ear cushions stay comfortable through long sessions. A ten minute charge gives hours of playback. Battery drains a little faster than the advertised 50 hours.,False,31,2025-08-05
R-00306,HP-007,Vikram H.,5,Absolutely love these,The ear cushions stay comfortable through long sessions. The noise cancellation tunes out the metro and office chatter really well. The mic is good enough for daily meetings.,True,16,2025-10-14
R-00307,HP-007,Meera K.,4,Happy with it,The ear cushions stay comfortable through long sessions. Connects instantly every time I open the case or switch it on. Mic quality drops in noisy places.,True,9,2026-03-14
R-00308,HP-007,Deepa K.,5,Worth every rupee,The ear cushions stay comfortable through long sessions. Great energy in the low end for the price. ANC makes my daily commute so much calmer.,True,24,2026-01-08
R-00309,HP-007,Shruti J.,5,Worth every rupee,The ear cushions stay comfortable through long sessions. The bass is punchy without turning muddy. People on calls say my voice comes through clearly.,True,11,2025-06-07
R-00310,HP-007,Suresh C.,3,Average for the price,The ear cushions stay comfortable through long sessions. A bit heavy after a couple of hours of use. Battery drains a little faster than the advertised 50 hours.,True,28,2026-02-12
R-00311,HP-007,Rahul L.,3,"Decent, with caveats",The ear cushions stay comfortable through long sessions. Battery drains a little faster than the advertised 50 hours. Mic quality drops in noisy places.,True,11,2026-01-03
R-00312,HP-007,Lakshmi S.,4,Very good overall,The ear cushions stay comfortable through long sessions. Great energy in the low end for the price. A bit heavy after a couple of hours of use.,True,38,2025-08-28
R-00313,HP-007,Lakshmi K.,4,Solid pick,The ear cushions stay comfortable through long sessions. A ten minute charge gives hours of playback. The build feels a little plasticky.,True,23,2026-09-04
R-00314,HP-008,Rohan N.,5,Best purchase this year,The ear cushions stay comfortable through long sessions. The foldable frame is great for travel. People on calls say my voice comes through clearly.,True,19,2026-01-15
R-00315,HP-008,Harish E.,4,Solid pick,The ear cushions stay comfortable through long sessions. The foldable frame is great for travel. Mic quality drops in noisy places.,True,35,2026-02-17
R-00316,HP-008,Pooja T.,5,Absolutely love these,The ear cushions stay comfortable through long sessions. Folds flat and slips into my bag easily. People on calls say my voice comes through clearly.,False,5,2025-10-20
R-00317,HP-008,Sneha N.,5,Worth every rupee,The ear cushions stay comfortable through long sessions. The foldable frame is great for travel. People on calls say my voice comes through clearly.,False,30,2025-07-16
R-00318,HP-008,Ishita T.,5,Absolutely love these,The ear cushions stay comfortable through long sessions. The mic is good enough for daily meetings. Folds flat and slips into my bag easily.,True,21,2025-10-18
R-00319,HP-008,Lakshmi L.,3,Average for the price,The ear cushions stay comfortable through long sessions. Mic quality drops in noisy places. Wish it had noise cancellation at this price.,True,9,2026-06-07
R-00320,HP-008,Swathi H.,5,Worth every rupee,The ear cushions stay comfortable through long sessions. People on calls say my voice comes through clearly. Folds flat and slips into my bag easily.,True,15,2025-08-15
R-00321,HP-008,Imran R.,5,Best purchase this year,The ear cushions stay comfortable through long sessions. The foldable frame is great for travel. People on calls say my voice comes through clearly.,False,26,2026-04-28
R-00322,HP-008,Ishita H.,3,"Decent, with caveats",The ear cushions stay comfortable through long sessions. The build feels a little plasticky. Mic quality drops in noisy places.,False,22,2026-02-14
R-00323,HP-008,Aarav P.,5,Absolutely love these,The ear cushions stay comfortable through long sessions. Folds flat and slips into my bag easily. The mic is good enough for daily meetings.,False,23,2025-09-26
R-00324,HP-008,Meera L.,4,Solid pick,The ear cushions stay comfortable through long sessions. People on calls say my voice comes through clearly. Mic quality drops in noisy places.,False,11,2026-05-26
R-00325,HP-008,Aditi R.,4,Solid pick,The ear cushions stay comfortable through long sessions. People on calls say my voice comes through clearly. Wish it had noise cancellation at this price.,True,36,2025-06-29
R-00326,HP-008,Imran N.,4,Solid pick,The ear cushions stay comfortable through long sessions. Folds flat and slips into my bag easily. Mic quality drops in noisy places.,True,37,2026-07-06
R-00327,HP-008,Ananya B.,4,Solid pick,The ear cushions stay comfortable through long sessions. People on calls say my voice comes through clearly. Wish it had noise cancellation at this price.,True,6,2025-08-27
R-00328,HP-008,Divya M.,5,Absolutely love these,The ear cushions stay comfortable through long sessions. People on calls say my voice comes through clearly. Folds flat and slips into my bag easily.,False,38,2025-07-26
R-00329,HP-008,Vikram P.,5,Absolutely love these,The ear cushions stay comfortable through long sessions. Folds flat and slips into my bag easily. The mic is good enough for daily meetings.,True,22,2025-06-12
R-00330,HP-008,Suresh R.,4,Happy with it,The ear cushions stay comfortable through long sessions. The foldable frame is great for travel. Mic quality drops in noisy places.,True,39,2025-06-23
R-00331,HP-008,Manoj D.,5,Best purchase this year,The ear cushions stay comfortable through long sessions. The mic is good enough for daily meetings. Folds flat and slips into my bag easily.,False,11,2026-03-13
R-00332,HP-008,Harish E.,5,Best purchase this year,The ear cushions stay comfortable through long sessions. The mic is good enough for daily meetings. Folds flat and slips into my bag easily.,False,32,2026-03-22
R-00333,HP-008,Imran V.,5,Best purchase this year,The ear cushions stay comfortable through long sessions. The foldable frame is great for travel. People on calls say my voice comes through clearly.,False,13,2026-04-12
R-00334,HP-008,Aarav J.,5,Worth every rupee,The ear cushions stay comfortable through long sessions. The foldable frame is great for travel. The mic is good enough for daily meetings.,True,18,2025-10-27
R-00335,HP-008,Aarav P.,5,Best purchase this year,The ear cushions stay comfortable through long sessions. Folds flat and slips into my bag easily. The mic is good enough for daily meetings.,True,16,2025-10-10
R-00336,HP-008,Karthik P.,3,Good but not perfect,The ear cushions stay comfortable through long sessions. The build feels a little plasticky. Mic quality drops in noisy places.,True,32,2025-10-03
R-00337,HP-008,Lakshmi D.,5,Absolutely love these,The ear cushions stay comfortable through long sessions. Folds flat and slips into my bag easily. People on calls say my voice comes through clearly.,True,19,2025-11-19
R-00338,HP-008,Rahul A.,3,"Decent, with caveats",The ear cushions stay comfortable through long sessions. Mic quality drops in noisy places. Wish it had noise cancellation at this price.,True,36,2025-10-14
R-00339,HP-008,Imran M.,4,Happy with it,The ear cushions stay comfortable through long sessions. The foldable frame is great for travel. Mic quality drops in noisy places.,True,1,2025-12-26
R-00340,HP-008,Priya N.,4,Solid pick,The ear cushions stay comfortable through long sessions. People on calls say my voice comes through clearly. Mic quality drops in noisy places.,True,23,2025-11-29
R-00341,HP-008,Deepa A.,5,Absolutely love these,The ear cushions stay comfortable through long sessions. People on calls say my voice comes through clearly. The foldable frame is great for travel.,True,32,2025-12-09
R-00342,HP-008,Arjun K.,4,Happy with it,The ear cushions stay comfortable through long sessions. Folds flat and slips into my bag easily. The companion controls take some getting used to.,True,15,2026-01-03
R-00343,HP-008,Nisha H.,3,Average for the price,The ear cushions stay comfortable through long sessions. Mic quality drops in noisy places. Wish it had noise cancellation at this price.,True,6,2025-11-21
R-00344,HP-008,Naveen S.,4,Very good overall,The ear cushions stay comfortable through long sessions. The foldable frame is great for travel. Wish it had noise cancellation at this price.,True,30,2026-01-03
R-00345,HP-008,Ravi M.,5,Absolutely love these,The ear cushions stay comfortable through long sessions. Folds flat and slips into my bag easily. People on calls say my voice comes through clearly.,True,39,2026-04-15
R-00346,HP-008,Shruti S.,4,Happy with it,The ear cushions stay comfortable through long sessions. The mic is good enough for daily meetings. Wish it had noise cancellation at this price.,False,0,2026-01-28
R-00347,HP-008,Kavya R.,4,Solid pick,The ear cushions stay comfortable through long sessions. People on calls say my voice comes through clearly. Wish it had noise cancellation at this price.,True,25,2025-06-04
R-00348,HP-008,Swathi H.,4,Very good overall,The ear cushions stay comfortable through long sessions. People on calls say my voice comes through clearly. Mic quality drops in noisy places.,True,22,2026-04-09
R-00349,HP-008,Arjun K.,5,Best purchase this year,The ear cushions stay comfortable through long sessions. The foldable frame is great for travel. The mic is good enough for daily meetings.,True,2,2026-06-10
R-00350,HP-008,Imran A.,3,Average for the price,The ear cushions stay comfortable through long sessions. Mic quality drops in noisy places. Wish it had noise cancellation at this price.,True,39,2025-08-25
R-00351,HP-008,Shruti H.,5,Absolutely love these,The ear cushions stay comfortable through long sessions. People on calls say my voice comes through clearly. The foldable frame is great for travel.,False,9,2025-06-12
R-00352,HP-008,Swathi C.,5,Worth every rupee,The ear cushions stay comfortable through long sessions. People on calls say my voice comes through clearly. Folds flat and slips into my bag easily.,False,23,2025-07-24
R-00353,HP-008,Karthik D.,4,Happy with it,The ear cushions stay comfortable through long sessions. The mic is good enough for daily meetings. The companion controls take some getting used to.,True,38,2026-01-02
R-00354,HP-008,Kavya A.,3,Good but not perfect,The ear cushions stay comfortable through long sessions. Wish it had noise cancellation at this price. Mic quality drops in noisy places.,True,29,2025-06-16
R-00355,HP-008,Harish C.,2,Disappointed,The build feels a little plasticky. Wish it had noise cancellation at this price. Expected better for the price.,True,5,2025-09-11
R-00356,HP-008,Varun N.,4,Very good overall,The ear cushions stay comfortable through long sessions. Folds flat and slips into my bag easily. The companion controls take some getting used to.,True,34,2026-06-16
R-00357,HP-008,Manoj N.,4,Very good overall,The ear cushions stay comfortable through long sessions. The mic is good enough for daily meetings. The companion controls take some getting used to.,True,0,2025-07-23
R-00358,HP-008,Ananya M.,5,Best purchase this year,The ear cushions stay comfortable through long sessions. The foldable frame is great for travel. People on calls say my voice comes through clearly.,True,11,2026-05-07
R-00359,HP-008,Lakshmi V.,5,Worth every rupee,The ear cushions stay comfortable through long sessions. Folds flat and slips into my bag easily. The mic is good enough for daily meetings.,True,3,2026-01-26
R-00360,HP-008,Swathi L.,5,Best purchase this year,The ear cushions stay comfortable through long sessions. The foldable frame is great for travel. The mic is good enough for daily meetings.,True,32,2026-08-21
R-00361,HP-008,Divya S.,4,Very good overall,The ear cushions stay comfortable through long sessions. People on calls say my voice comes through clearly. Wish it had noise cancellation at this price.,True,26,2025-08-13
R-00362,HP-008,Suresh S.,5,Best purchase this year,The ear cushions stay comfortable through long sessions. People on calls say my voice comes through clearly. Folds flat and slips into my bag easily.,True,15,2026-01-24
R-00363,HP-009,Deepa D.,4,Solid pick,Fits snugly and stays put while I move around. No noticeable lag while gaming or watching videos. Ear tips took a while to fit properly.,True,17,2025-09-11
R-00364,HP-009,Divya V.,3,Average for the price,Fits snugly and stays put while I move around. Mic quality drops in noisy places. The companion controls take some getting used to.,True,23,2026-07-31
R-00365,HP-009,Divya S.,5,Best purchase this year,Fits snugly and stays put while I move around. Connects instantly every time I open the case or switch it on. Low-latency mode keeps audio in sync.,True,4,2026-04-16
R-00366,HP-009,Priya H.,4,Solid pick,Fits snugly and stays put while I move around. The mic is good enough for daily meetings. Mic quality drops in noisy places.,True,17,2026-02-28
R-00367,HP-009,Harish T.,4,Very good overall,Fits snugly and stays put while I move around. No noticeable lag while gaming or watching videos. Wish it had noise cancellation at this price.,True,6,2025-11-12
R-00368,HP-009,Vikram T.,5,Absolutely love these,Fits snugly and stays put while I move around. Connects instantly every time I open the case or switch it on. Low-latency mode keeps audio in sync.,False,27,2025-06-13
R-00369,HP-009,Shruti E.,5,Absolutely love these,Fits snugly and stays put while I move around. Bluetooth pairing is quick and the connection stays stable. The mic is good enough for daily meetings.,True,40,2026-03-20
R-00370,HP-009,Lakshmi M.,3,Good but not perfect,Fits snugly and stays put while I move around. Bluetooth dropped once or twice in a crowded area. Mic quality drops in noisy places.,True,33,2025-09-10
R-00371,HP-009,Aditi E.,3,Good but not perfect,Fits snugly and stays put while I move around. Battery drains a little faster than the advertised 18 hours. Bluetooth dropped once or twice in a crowded area.,False,8,2025-08-05
R-00372,HP-009,Nisha N.,3,"Decent, with caveats",Fits snugly and stays put while I move around. Ear tips took a while to fit properly. Bluetooth dropped once or twice in a crowded area.,True,2,2026-04-17
R-00373,HP-009,Faisal R.,5,Worth every rupee,Fits snugly and stays put while I move around. The mic is good enough for daily meetings. Connects instantly every time I open the case or switch it on.,True,36,2026-01-24
R-00374,HP-009,Ishita B.,5,Absolutely love these,Fits snugly and stays put while I move around. Bluetooth pairing is quick and the connection stays stable. Survives sweaty gym sessions without any trouble.,True,5,2026-04-03
R-00375,HP-009,Varun B.,5,Worth every rupee,Fits snugly and stays put while I move around. Bluetooth pairing is quick and the connection stays stable. Handled a surprise rain shower on my run just fine.,False,25,2026-06-02
R-00376,HP-009,Sneha D.,3,"Decent, with caveats",Fits snugly and stays put while I move around. Wish it had noise cancellation at this price. Bluetooth dropped once or twice in a crowded area.,True,1,2026-03-06
R-00377,HP-009,Ishita K.,4,Very good overall,Fits snugly and stays put while I move around. People on calls say my voice comes through clearly. Bluetooth dropped once or twice in a crowded area.,True,3,2025-12-14
R-00378,HP-009,Varun B.,4,Solid pick,Fits snugly and stays put while I move around. No noticeable lag while gaming or watching videos. The companion controls take some getting used to.,True,37,2025-12-18
R-00379,HP-009,Vikram D.,5,Absolutely love these,Fits snugly and stays put while I move around. Survives sweaty gym sessions without any trouble. No noticeable lag while gaming or watching videos.,True,4,2026-07-16
R-00380,HP-009,Aarav L.,3,Good but not perfect,Fits snugly and stays put while I move around. Mic quality drops in noisy places. Battery drains a little faster than the advertised 18 hours.,True,27,2026-05-19
R-00381,HP-009,Priya G.,4,Very good overall,Fits snugly and stays put while I move around. Survives sweaty gym sessions without any trouble. Wish it had noise cancellation at this price.,False,2,2025-10-15
R-00382,HP-009,Divya G.,4,Very good overall,Fits snugly and stays put while I move around. Bluetooth pairing is quick and the connection stays stable. Bluetooth dropped once or twice in a crowded area.,True,23,2025-08-16
R-00383,HP-009,Lakshmi P.,4,Solid pick,Fits snugly and stays put while I move around. Connects instantly every time I open the case or switch it on. Battery drains a little faster than the advertised 18 hours.,True,40,2025-11-11
R-00384,HP-009,Divya P.,3,Good but not perfect,Fits snugly and stays put while I move around. Battery drains a little faster than the advertised 18 hours. The build feels a little plasticky.,False,8,2026-02-16
R-00385,HP-009,Ishita C.,3,Average for the price,Fits snugly and stays put while I move around. Wish it had noise cancellation at this price. Battery drains a little faster than the advertised 18 hours.,False,24,2026-02-26
R-00386,HP-009,Aarav K.,3,Average for the price,Fits snugly and stays put while I move around. Mic quality drops in noisy places. Ear tips took a while to fit properly.,True,35,2026-01-15
R-00387,HP-009,Ananya V.,4,Solid pick,Fits snugly and stays put while I move around. The mic is good enough for daily meetings. Ear tips took a while to fit properly.,True,20,2025-12-11
R-00388,HP-009,Faisal J.,4,Very good overall,Fits snugly and stays put while I move around. Handled a surprise rain shower on my run just fine. Wish it had noise cancellation at this price.,True,14,2026-04-13
R-00389,HP-009,Vikram B.,3,Average for the price,Fits snugly and stays put while I move around. Ear tips took a while to fit properly. Battery drains a little faster than the advertised 18 hours.,True,25,2025-08-21
R-00390,HP-009,Suresh P.,3,Average for the price,Fits snugly and stays put while I move around. Mic quality drops in noisy places. The build feels a little plasticky.,False,20,2026-06-10
R-00391,HP-009,Siddharth N.,4,Happy with it,Fits snugly and stays put while I move around. The mic is good enough for daily meetings. Ear tips took a while to fit properly.,True,10,2026-07-16
R-00392,HP-009,Pooja D.,4,Very good overall,Fits snugly and stays put while I move around. Handled a surprise rain shower on my run just fine. Mic quality drops in noisy places.,False,1,2026-03-25
R-00393,HP-009,Imran T.,5,Worth every rupee,Fits snugly and stays put while I move around. No noticeable lag while gaming or watching videos. Handled a surprise rain shower on my run just fine.,False,22,2025-12-26
R-00394,HP-009,Ishita G.,4,Solid pick,Fits snugly and stays put while I move around. People on calls say my voice comes through clearly. The build feels a little plasticky.,False,24,2026-05-03
R-00395,HP-009,Rahul R.,4,Solid pick,Fits snugly and stays put while I move around. Bluetooth pairing is quick and the connection stays stable. Mic quality drops in noisy places.,False,38,2025-10-18
R-00396,HP-010,Faisal B.,4,Solid pick,Light on-ear fit that is easy to wear all day. Great energy in the low end for the price. Battery drains a little faster than the advertised 35 hours.,True,19,2026-02-22
R-00397,HP-010,Ravi R.,4,Solid pick,Light on-ear fit that is easy to wear all day. The bass is punchy without turning muddy. Battery drains a little faster than the advertised 35 hours.,True,40,2025-08-07
R-00398,HP-010,Kavya B.,3,"Decent, with caveats",Light on-ear fit that is easy to wear all day. Wish it had noise cancellation at this price. Sound is fine but not exceptional for the price.,True,10,2025-11-11
R-00399,HP-010,Rahul C.,5,Absolutely love these,Light on-ear fit that is easy to wear all day. The bass is punchy without turning muddy. The mic is good enough for daily meetings.,True,3,2026-06-13
R-00400,HP-010,Sneha E.,3,Average for the price,Light on-ear fit that is easy to wear all day. Mic quality drops in noisy places. The build feels a little plasticky.,True,37,2026-03-07
R-00401,HP-010,Manoj J.,4,Very good overall,Light on-ear fit that is easy to wear all day. The foldable frame is great for travel. Mic quality drops in noisy places.,True,25,2026-08-16
R-00402,HP-010,Vikram S.,4,Solid pick,Light on-ear fit that is easy to wear all day. The bass is punchy without turning muddy. Sound is fine but not exceptional for the price.,True,4,2026-04-28
R-00403,HP-010,Meera P.,5,Absolutely love these,Light on-ear fit that is easy to wear all day. The mic is good enough for daily meetings. The bass is punchy without turning muddy.,False,9,2025-08-31
R-00404,HP-010,Rahul M.,4,Very good overall,Light on-ear fit that is easy to wear all day. People on calls say my voice comes through clearly. Bluetooth dropped once or twice in a crowded area.,True,33,2025-10-01
R-00405,HP-010,Karthik P.,5,Absolutely love these,Light on-ear fit that is easy to wear all day. Connects instantly every time I open the case or switch it on. The mic is good enough for daily meetings.,True,28,2026-07-17
R-00406,HP-010,Swathi M.,4,Happy with it,Light on-ear fit that is easy to wear all day. Bluetooth pairing is quick and the connection stays stable. The companion controls take some getting used to.,False,16,2026-06-18
R-00407,HP-010,Karthik T.,4,Happy with it,Light on-ear fit that is easy to wear all day. People on calls say my voice comes through clearly. Battery drains a little faster than the advertised 35 hours.,True,19,2025-07-23
R-00408,HP-010,Karthik K.,4,Happy with it,Light on-ear fit that is easy to wear all day. The foldable frame is great for travel. Battery drains a little faster than the advertised 35 hours.,False,8,2026-07-29
R-00409,HP-010,Swathi D.,5,Best purchase this year,Light on-ear fit that is easy to wear all day. Folds flat and slips into my bag easily. People on calls say my voice comes through clearly.,True,20,2026-03-23
R-00410,HP-010,Lakshmi C.,5,Absolutely love these,Light on-ear fit that is easy to wear all day. Folds flat and slips into my bag easily. Bluetooth pairing is quick and the connection stays stable.,True,31,2025-12-02
R-00411,HP-010,Shruti E.,5,Absolutely love these,Light on-ear fit that is easy to wear all day. Great energy in the low end for the price. The mic is good enough for daily meetings.,True,35,2025-10-25
R-00412,HP-010,Sneha B.,4,Solid pick,Light on-ear fit that is easy to wear all day. Bluetooth pairing is quick and the connection stays stable. Wish it had noise cancellation at this price.,True,22,2025-08-03
R-00413,HP-010,Tanvi V.,4,Very good overall,Light on-ear fit that is easy to wear all day. Connects instantly every time I open the case or switch it on. The build feels a little plasticky.,True,35,2026-04-26
R-00414,HP-010,Arjun J.,5,Worth every rupee,Light on-ear fit that is easy to wear all day. The mic is good enough for daily meetings. The bass is punchy without turning muddy.,True,37,2025-11-24
R-00415,HP-010,Priya B.,4,Happy with it,Light on-ear fit that is easy to wear all day. Great energy in the low end for the price. Mic quality drops in noisy places.,True,9,2025-10-28
R-00416,HP-010,Suresh P.,4,Very good overall,Light on-ear fit that is easy to wear all day. The mic is good enough for daily meetings. Battery drains a little faster than the advertised 35 hours.,False,27,2025-11-27
R-00417,HP-010,Arjun M.,3,Average for the price,Light on-ear fit that is easy to wear all day. Bluetooth dropped once or twice in a crowded area. Mic quality drops in noisy places.,True,25,2025-09-09
R-00418,HP-010,Rohan S.,5,Absolutely love these,Light on-ear fit that is easy to wear all day. Bluetooth pairing is quick and the connection stays stable. The foldable frame is great for travel.,True,25,2026-07-12
R-00419,HP-010,Divya V.,4,Solid pick,Light on-ear fit that is easy to wear all day. The foldable frame is great for travel. Bluetooth dropped once or twice in a crowded area.,True,21,2025-09-07
R-00420,HP-010,Manoj B.,5,Best purchase this year,Light on-ear fit that is easy to wear all day. People on calls say my voice comes through clearly. Connects instantly every time I open the case or switch it on.,True,23,2025-10-27
R-00421,HP-010,Kavya A.,3,Average for the price,Light on-ear fit that is easy to wear all day. The build feels a little plasticky. Bluetooth dropped once or twice in a crowded area.,True,18,2026-03-31
R-00422,HP-010,Faisal D.,4,Solid pick,Light on-ear fit that is easy to wear all day. Bluetooth pairing is quick and the connection stays stable. Wish it had noise cancellation at this price.,False,12,2026-01-10
R-00423,HP-010,Suresh D.,4,Solid pick,Light on-ear fit that is easy to wear all day. Great energy in the low end for the price. Mic quality drops in noisy places.,True,14,2025-11-14
R-00424,HP-010,Manoj E.,4,Happy with it,Light on-ear fit that is easy to wear all day. People on calls say my voice comes through clearly. Mic quality drops in noisy places.,True,20,2026-05-14
R-00425,HP-010,Aditi N.,5,Absolutely love these,Light on-ear fit that is easy to wear all day. The bass is punchy without turning muddy. Folds flat and slips into my bag easily.,True,21,2025-10-08
R-00426,HP-010,Rohan H.,2,Expected more,Battery drains a little faster than the advertised 35 hours. Bluetooth dropped once or twice in a crowded area. Expected better for the price.,True,40,2026-04-27
R-00427,HP-010,Shruti C.,3,Good but not perfect,Light on-ear fit that is easy to wear all day. Battery drains a little faster than the advertised 35 hours. Wish it had noise cancellation at this price.,True,28,2026-01-29
R-00428,HP-010,Deepa R.,3,Good but not perfect,Light on-ear fit that is easy to wear all day. Wish it had noise cancellation at this price. Battery drains a little faster than the advertised 35 hours.,True,19,2026-02-11
R-00429,HP-010,Rahul B.,3,Good but not perfect,Light on-ear fit that is easy to wear all day. Wish it had noise cancellation at this price. Mic quality drops in noisy places.,True,18,2026-06-03
R-00430,HP-010,Siddharth N.,5,Best purchase this year,Light on-ear fit that is easy to wear all day. Connects instantly every time I open the case or switch it on. Folds flat and slips into my bag easily.,True,36,2026-05-10
R-00431,HP-010,Swathi D.,4,Solid pick,Light on-ear fit that is easy to wear all day. Great energy in the low end for the price. Bluetooth dropped once or twice in a crowded area.,False,0,2026-05-23
R-00432,HP-010,Imran C.,3,Good but not perfect,Light on-ear fit that is easy to wear all day. The build feels a little plasticky. Wish it had noise cancellation at this price.,True,35,2026-08-05
R-00433,HP-010,Ravi P.,4,Very good overall,Light on-ear fit that is easy to wear all day. Bluetooth pairing is quick and the connection stays stable. Mic quality drops in noisy places.,True,34,2025-07-16
R-00434,HP-010,Shruti S.,4,Very good overall,Light on-ear fit that is easy to wear all day. The bass is punchy without turning muddy. Mic quality drops in noisy places.,True,18,2026-04-24
R-00435,HP-010,Lakshmi N.,5,Best purchase this year,Light on-ear fit that is easy to wear all day. Connects instantly every time I open the case or switch it on. The mic is good enough for daily meetings.,True,33,2025-06-06
R-00436,HP-010,Ananya S.,2,Not great,Battery drains a little faster than the advertised 35 hours. Wish it had noise cancellation at this price. Expected better for the price.,False,7,2025-09-19
R-00437,HP-010,Suresh K.,3,"Decent, with caveats",Light on-ear fit that is easy to wear all day. The build feels a little plasticky. Mic quality drops in noisy places.,True,32,2026-05-14
R-00438,HP-010,Naveen A.,4,Very good overall,Light on-ear fit that is easy to wear all day. The mic is good enough for daily meetings. Bluetooth dropped once or twice in a crowded area.,True,34,2026-06-07
R-00439,HP-010,Siddharth B.,4,Very good overall,Light on-ear fit that is easy to wear all day. Connects instantly every time I open the case or switch it on. Mic quality drops in noisy places.,True,3,2025-06-02
R-00440,HP-010,Faisal S.,4,Happy with it,Light on-ear fit that is easy to wear all day. The bass is punchy without turning muddy. Bluetooth dropped once or twice in a crowded area.,True,40,2026-05-23
R-00441,HP-010,Karthik J.,5,Worth every rupee,Light on-ear fit that is easy to wear all day. The foldable frame is great for travel. Connects instantly every time I open the case or switch it on.,False,37,2026-01-10
R-00442,HP-010,Aditi T.,4,Solid pick,Light on-ear fit that is easy to wear all day. The foldable frame is great for travel. Wish it had noise cancellation at this price.,True,18,2026-04-03
R-00443,HP-010,Ishita C.,4,Happy with it,Light on-ear fit that is easy to wear all day. Great energy in the low end for the price. Battery drains a little faster than the advertised 35 hours.,True,7,2026-06-04
R-00444,HP-011,Rahul P.,5,Absolutely love these,The ear cushions stay comfortable through long sessions. The bass is punchy without turning muddy. The mic is good enough for daily meetings.,False,9,2026-01-07
R-00445,HP-011,Ananya K.,4,Solid pick,The ear cushions stay comfortable through long sessions. Great energy in the low end for the price. The build feels a little plasticky.,True,22,2025-11-17
R-00446,HP-011,Naveen C.,5,Absolutely love these,The ear cushions stay comfortable through long sessions. Bluetooth pairing is quick and the connection stays stable. The mic is good enough for daily meetings.,False,12,2025-12-02
R-00447,HP-011,Lakshmi H.,5,Best purchase this year,The ear cushions stay comfortable through long sessions. The mic is good enough for daily meetings. Low-latency mode keeps audio in sync.,True,16,2025-12-01
R-00448,HP-011,Sneha J.,5,Best purchase this year,The ear cushions stay comfortable through long sessions. No noticeable lag while gaming or watching videos. The bass is punchy without turning muddy.,False,38,2025-11-25
R-00449,HP-011,Naveen B.,4,Very good overall,The ear cushions stay comfortable through long sessions. The bass is punchy without turning muddy. Battery drains a little faster than the advertised 30 hours.,True,32,2026-03-29
R-00450,HP-011,Aditi H.,4,Happy with it,The ear cushions stay comfortable through long sessions. Great energy in the low end for the price. The build feels a little plasticky.,True,1,2025-11-03
R-00451,HP-011,Sneha E.,4,Very good overall,The ear cushions stay comfortable through long sessions. Connects instantly every time I open the case or switch it on. Bluetooth dropped once or twice in a crowded area.,False,18,2025-10-12
R-00452,HP-011,Ishita C.,5,Worth every rupee,The ear cushions stay comfortable through long sessions. The bass is punchy without turning muddy. No noticeable lag while gaming or watching videos.,True,7,2026-07-21
R-00453,HP-011,Tanvi M.,5,Absolutely love these,The ear cushions stay comfortable through long sessions. Low-latency mode keeps audio in sync. Great energy in the low end for the price.,False,10,2026-02-10
R-00454,HP-011,Nisha T.,4,Happy with it,The ear cushions stay comfortable through long sessions. Connects instantly every time I open the case or switch it on. A bit heavy after a couple of hours of use.,True,34,2026-03-02
R-00455,HP-011,Harish R.,5,Best purchase this year,The ear cushions stay comfortable through long sessions. Connects instantly every time I open the case or switch it on. Low-latency mode keeps audio in sync.,True,16,2026-07-02
R-00456,HP-011,Naveen P.,4,Happy with it,The ear cushions stay comfortable through long sessions. People on calls say my voice comes through clearly. Bluetooth dropped once or twice in a crowded area.,True,38,2026-08-23
R-00457,HP-011,Arjun G.,4,Happy with it,The ear cushions stay comfortable through long sessions. Connects instantly every time I open the case or switch it on. Battery drains a little faster than the advertised 30 hours.,False,5,2026-03-03
R-00458,HP-011,Rohan B.,2,Disappointed,A bit heavy after a couple of hours of use. Sound is fine but not exceptional for the price. Expected better for the price.,False,9,2025-07-13
R-00459,HP-011,Priya V.,5,Worth every rupee,The ear cushions stay comfortable through long sessions. The mic is good enough for daily meetings. Bluetooth pairing is quick and the connection stays stable.,False,15,2025-07-26
R-00460,HP-011,Aditi G.,4,Happy with it,The ear cushions stay comfortable through long sessions. No noticeable lag while gaming or watching videos. Bluetooth dropped once or twice in a crowded area.,True,21,2025-07-17
R-00461,HP-011,Vikram C.,4,Very good overall,The ear cushions stay comfortable through long sessions. Low-latency mode keeps audio in sync. Mic quality drops in noisy places.,True,1,2026-03-24
R-00462,HP-011,Deepa M.,5,Worth every rupee,The ear cushions stay comfortable through long sessions. Low-latency mode keeps audio in sync. Great energy in the low end for the price.,True,31,2025-08-13
R-00463,HP-011,Vikram K.,5,Worth every rupee,The ear cushions stay comfortable through long sessions. The mic is good enough for daily meetings. No noticeable lag while gaming or watching videos.,True,23,2025-08-10
R-00464,HP-011,Meera A.,4,Very good overall,The ear cushions stay comfortable through long sessions. People on calls say my voice comes through clearly. Mic quality drops in noisy places.,True,33,2025-12-11
R-00465,HP-011,Ananya K.,3,Average for the price,The ear cushions stay comfortable through long sessions. The build feels a little plasticky. Mic quality drops in noisy places.,True,40,2026-06-10
R-00466,HP-011,Aarav A.,4,Solid pick,The ear cushions stay comfortable through long sessions. The mic is good enough for daily meetings. A bit heavy after a couple of hours of use.,False,40,2025-11-26
R-00467,HP-011,Tanvi D.,3,Good but not perfect,The ear cushions stay comfortable through long sessions. The companion controls take some getting used to. A bit heavy after a couple of hours of use.,False,4,2025-11-25
R-00468,HP-011,Aditi C.,5,Absolutely love these,The ear cushions stay comfortable through long sessions. No noticeable lag while gaming or watching videos. The mic is good enough for daily meetings.,True,22,2026-04-23
R-00469,HP-011,Ananya T.,4,Solid pick,The ear cushions stay comfortable through long sessions. Bluetooth pairing is quick and the connection stays stable. Battery drains a little faster than the advertised 30 hours.,False,20,2025-07-30
R-00470,HP-011,Suresh L.,3,Good but not perfect,The ear cushions stay comfortable through long sessions. Sound is fine but not exceptional for the price. Mic quality drops in noisy places.,True,33,2026-04-13
R-00471,HP-011,Aarav B.,4,Happy with it,The ear cushions stay comfortable through long sessions. No noticeable lag while gaming or watching videos. Bluetooth dropped once or twice in a crowded area.,False,14,2025-06-16
R-00472,HP-011,Arjun K.,4,Very good overall,The ear cushions stay comfortable through long sessions. Low-latency mode keeps audio in sync. Mic quality drops in noisy places.,True,4,2025-11-22
R-00473,HP-011,Aditi B.,5,Worth every rupee,The ear cushions stay comfortable through long sessions. Great energy in the low end for the price. Low-latency mode keeps audio in sync.,True,39,2026-06-13
R-00474,HP-011,Aarav A.,3,"Decent, with caveats",The ear cushions stay comfortable through long sessions. Sound is fine but not exceptional for the price. Wish it had noise cancellation at this price.,True,36,2026-03-09
R-00475,HP-012,Suresh H.,4,Solid pick,The ear cushions stay comfortable through long sessions. Connects instantly every time I open the case or switch it on. Bluetooth dropped once or twice in a crowded area.,True,12,2026-02-01
R-00476,HP-012,Lakshmi R.,5,Absolutely love these,The ear cushions stay comfortable through long sessions. Low-latency mode keeps audio in sync. Switching between my laptop and phone is seamless.,True,7,2026-01-06
R-00477,HP-012,Ishita R.,5,Absolutely love these,The ear cushions stay comfortable through long sessions. People on calls say my voice comes through clearly. Low-latency mode keeps audio in sync.,True,8,2025-09-30
R-00478,HP-012,Suresh L.,5,Best purchase this year,The ear cushions stay comfortable through long sessions. Low-latency mode keeps audio in sync. The mic is good enough for daily meetings.,True,39,2025-08-08
R-00479,HP-012,Rohan K.,5,Best purchase this year,The ear cushions stay comfortable through long sessions. The mic is good enough for daily meetings. No noticeable lag while gaming or watching videos.,True,0,2025-10-13
R-00480,HP-012,Rohan P.,5,Best purchase this year,The ear cushions stay comfortable through long sessions. Bluetooth pairing is quick and the connection stays stable. The mic is good enough for daily meetings.,False,4,2026-02-06
R-00481,HP-012,Aarav D.,3,Good but not perfect,The ear cushions stay comfortable through long sessions. A bit heavy after a couple of hours of use. Battery drains a little faster than the advertised 35 hours.,True,29,2026-08-25
R-00482,HP-012,Varun D.,3,Average for the price,The ear cushions stay comfortable through long sessions. A bit heavy after a couple of hours of use. Bluetooth dropped once or twice in a crowded area.,True,7,2026-03-22
R-00483,HP-012,Shruti E.,3,"Decent, with caveats",The ear cushions stay comfortable through long sessions. The companion controls take some getting used to. Bluetooth dropped once or twice in a crowded area.,True,26,2026-06-23
R-00484,HP-012,Ananya J.,5,Absolutely love these,The ear cushions stay comfortable through long sessions. No noticeable lag while gaming or watching videos. The noise cancellation tunes out the metro and office chatter really well.,True,9,2026-01-06
R-00485,HP-012,Vikram J.,5,Worth every rupee,The ear cushions stay comfortable through long sessions. People on calls say my voice comes through clearly. The noise cancellation tunes out the metro and office chatter really well.,True,2,2026-01-02
R-00486,HP-012,Naveen L.,4,Happy with it,The ear cushions stay comfortable through long sessions. ANC makes my daily commute so much calmer. Bluetooth dropped once or twice in a crowded area.,False,13,2025-06-06
R-00487,HP-012,Aditi B.,5,Worth every rupee,The ear cushions stay comfortable through long sessions. Bluetooth pairing is quick and the connection stays stable. People on calls say my voice comes through clearly.,True,31,2025-10-20
R-00488,HP-012,Aarav A.,5,Best purchase this year,The ear cushions stay comfortable through long sessions. The noise cancellation tunes out the metro and office chatter really well. Switching between my laptop and phone is seamless.,True,12,2026-06-11
R-00489,HP-012,Sneha B.,3,Average for the price,The ear cushions stay comfortable through long sessions. Bluetooth dropped once or twice in a crowded area. Mic quality drops in noisy places.,True,5,2025-12-30
R-00490,HP-012,Swathi D.,5,Worth every rupee,The ear cushions stay comfortable through long sessions. Switching between my laptop and phone is seamless. People on calls say my voice comes through clearly.,True,9,2026-02-26
R-00491,HP-012,Vikram G.,5,Worth every rupee,The ear cushions stay comfortable through long sessions. Connects instantly every time I open the case or switch it on. People on calls say my voice comes through clearly.,True,17,2025-06-03
R-00492,HP-012,Swathi B.,4,Solid pick,The ear cushions stay comfortable through long sessions. Multipoint pairing means I never re-pair anything. The build feels a little plasticky.,True,16,2026-04-27
R-00493,HP-012,Kavya J.,5,Best purchase this year,The ear cushions stay comfortable through long sessions. People on calls say my voice comes through clearly. ANC makes my daily commute so much calmer.,True,2,2026-08-11
R-00494,HP-012,Imran H.,4,Happy with it,The ear cushions stay comfortable through long sessions. People on calls say my voice comes through clearly. Bluetooth dropped once or twice in a crowded area.,True,20,2025-12-19
R-00495,HP-012,Meera K.,5,Best purchase this year,The ear cushions stay comfortable through long sessions. People on calls say my voice comes through clearly. The noise cancellation tunes out the metro and office chatter really well.,True,9,2026-05-13
R-00496,HP-012,Siddharth V.,5,Worth every rupee,The ear cushions stay comfortable through long sessions. People on calls say my voice comes through clearly. Low-latency mode keeps audio in sync.,False,13,2025-08-06
R-00497,HP-012,Ananya T.,5,Absolutely love these,The ear cushions stay comfortable through long sessions. Low-latency mode keeps audio in sync. Switching between my laptop and phone is seamless.,True,4,2026-04-19
R-00498,HP-012,Varun L.,5,Worth every rupee,The ear cushions stay comfortable through long sessions. The noise cancellation tunes out the metro and office chatter really well. Connects instantly every time I open the case or switch it on.,True,20,2025-10-01
R-00499,HP-012,Rohan B.,4,Very good overall,The ear cushions stay comfortable through long sessions. The noise cancellation tunes out the metro and office chatter really well. The build feels a little plasticky.,True,22,2026-08-24
R-00500,HP-012,Naveen A.,4,Solid pick,The ear cushions stay comfortable through long sessions. Switching between my laptop and phone is seamless. Battery drains a little faster than the advertised 35 hours.,False,39,2026-03-24
R-00501,HP-012,Pooja J.,4,Happy with it,The ear cushions stay comfortable through long sessions. Switching between my laptop and phone is seamless. Battery drains a little faster than the advertised 35 hours.,False,17,2025-07-28
R-00502,HP-012,Lakshmi T.,5,Absolutely love these,The ear cushions stay comfortable through long sessions. The noise cancellation tunes out the metro and office chatter really well. People on calls say my voice comes through clearly.,False,36,2025-06-18
R-00503,HP-012,Ananya C.,5,Worth every rupee,The ear cushions stay comfortable through long sessions. Bluetooth pairing is quick and the connection stays stable. The noise cancellation tunes out the metro and office chatter really well.,True,12,2026-04-22
R-00504,HP-012,Shruti S.,4,Happy with it,The ear cushions stay comfortable through long sessions. Connects instantly every time I open the case or switch it on. Battery drains a little faster than the advertised 35 hours.,True,2,2025-06-06
R-00505,HP-012,Lakshmi J.,5,Best purchase this year,The ear cushions stay comfortable through long sessions. Connects instantly every time I open the case or switch it on. Low-latency mode keeps audio in sync.,True,9,2026-06-02
R-00506,HP-012,Siddharth C.,5,Best purchase this year,The ear cushions stay comfortable through long sessions. Connects instantly every time I open the case or switch it on. No noticeable lag while gaming or watching videos.,True,18,2025-11-21
R-00507,HP-012,Deepa K.,5,Best purchase this year,The ear cushions stay comfortable through long sessions. ANC makes my daily commute so much calmer. Multipoint pairing means I never re-pair anything.,True,40,2026-02-04
R-00508,HP-012,Deepa P.,4,Solid pick,The ear cushions stay comfortable through long sessions. ANC makes my daily commute so much calmer. Mic quality drops in noisy places.,True,36,2025-11-14
R-00509,HP-012,Pooja B.,5,Absolutely love these,The ear cushions stay comfortable through long sessions. The mic is good enough for daily meetings. Multipoint pairing means I never re-pair anything.,True,22,2026-04-20
R-00510,HP-012,Naveen V.,5,Best purchase this year,The ear cushions stay comfortable through long sessions. Low-latency mode keeps audio in sync. Multipoint pairing means I never re-pair anything.,True,5,2026-08-25
R-00511,HP-012,Divya G.,5,Worth every rupee,The ear cushions stay comfortable through long sessions. Connects instantly every time I open the case or switch it on. No noticeable lag while gaming or watching videos.,False,30,2025-09-18
R-00512,HP-012,Ravi C.,4,Solid pick,The ear cushions stay comfortable through long sessions. Switching between my laptop and phone is seamless. Battery drains a little faster than the advertised 35 hours.,True,39,2026-06-11
R-00513,HP-012,Harish G.,4,Solid pick,The ear cushions stay comfortable through long sessions. The mic is good enough for daily meetings. A bit heavy after a couple of hours of use.,False,23,2026-01-02
R-00514,HP-012,Pooja D.,5,Worth every rupee,The ear cushions stay comfortable through long sessions. Bluetooth pairing is quick and the connection stays stable. The noise cancellation tunes out the metro and office chatter really well.,True,37,2026-02-25
R-00515,HP-012,Karthik P.,5,Absolutely love these,The ear cushions stay comfortable through long sessions. Low-latency mode keeps audio in sync. Bluetooth pairing is quick and the connection stays stable.,True,3,2025-10-29
R-00516,HP-012,Suresh K.,4,Very good overall,The ear cushions stay comfortable through long sessions. No noticeable lag while gaming or watching videos. The companion controls take some getting used to.,True,4,2026-02-06
R-00517,HP-012,Swathi K.,5,Absolutely love these,The ear cushions stay comfortable through long sessions. Multipoint pairing means I never re-pair anything. No noticeable lag while gaming or watching videos.,True,28,2025-06-09
R-00518,HP-012,Rahul K.,5,Best purchase this year,The ear cushions stay comfortable through long sessions. Bluetooth pairing is quick and the connection stays stable. ANC makes my daily commute so much calmer.,True,21,2025-06-08
R-00519,HP-012,Nisha A.,5,Absolutely love these,The ear cushions stay comfortable through long sessions. Bluetooth pairing is quick and the connection stays stable. The noise cancellation tunes out the metro and office chatter really well.,True,32,2026-07-03
R-00520,HP-012,Aditi L.,4,Solid pick,The ear cushions stay comfortable through long sessions. ANC makes my daily commute so much calmer. The companion controls take some getting used to.,False,20,2025-11-01
R-00521,HP-012,Vikram P.,3,Average for the price,The ear cushions stay comfortable through long sessions. Mic quality drops in noisy places. Bluetooth dropped once or twice in a crowded area.,False,20,2025-07-26
R-00522,HP-013,Divya D.,5,Best purchase this year,The ear cushions stay comfortable through long sessions. No noticeable lag while gaming or watching videos. People on calls say my voice comes through clearly.,True,2,2025-12-28
R-00523,HP-013,Manoj D.,5,Best purchase this year,The ear cushions stay comfortable through long sessions. People on calls say my voice comes through clearly. No noticeable lag while gaming or watching videos.,True,22,2026-03-06
R-00524,HP-013,Aarav T.,5,Absolutely love these,The ear cushions stay comfortable through long sessions. No noticeable lag while gaming or watching videos. The bass is punchy without turning muddy.,True,30,2025-06-29
R-00525,HP-013,Rohan R.,3,Good but not perfect,The ear cushions stay comfortable through long sessions. The companion controls take some getting used to. Mic quality drops in noisy places.,True,2,2025-08-07
R-00526,HP-013,Divya C.,4,Happy with it,The ear cushions stay comfortable through long sessions. No noticeable lag while gaming or watching videos. Mic quality drops in noisy places.,True,36,2026-07-28
R-00527,HP-013,Imran S.,5,Best purchase this year,The ear cushions stay comfortable through long sessions. The bass is punchy without turning muddy. No noticeable lag while gaming or watching videos.,True,20,2025-12-21
R-00528,HP-013,Kavya J.,3,Average for the price,The ear cushions stay comfortable through long sessions. Sound is fine but not exceptional for the price. A bit heavy after a couple of hours of use.,False,23,2025-06-15
R-00529,HP-013,Suresh L.,5,Absolutely love these,The ear cushions stay comfortable through long sessions. The bass is punchy without turning muddy. People on calls say my voice comes through clearly.,True,38,2026-06-22
R-00530,HP-013,Ananya T.,5,Best purchase this year,The ear cushions stay comfortable through long sessions. Great energy in the low end for the price. No noticeable lag while gaming or watching videos.,True,22,2025-11-13
R-00531,HP-013,Meera P.,4,Very good overall,The ear cushions stay comfortable through long sessions. Great energy in the low end for the price. Mic quality drops in noisy places.,False,30,2025-08-02
R-00532,HP-013,Ishita B.,3,Good but not perfect,The ear cushions stay comfortable through long sessions. Wish it had noise cancellation at this price. Mic quality drops in noisy places.,True,36,2026-07-24
R-00533,HP-013,Manoj K.,4,Happy with it,The ear cushions stay comfortable through long sessions. The bass is punchy without turning muddy. The companion controls take some getting used to.,False,13,2025-11-05
R-00534,HP-013,Swathi G.,3,Average for the price,The ear cushions stay comfortable through long sessions. The companion controls take some getting used to. Wish it had noise cancellation at this price.,True,40,2025-09-08
R-00535,HP-013,Varun E.,5,Best purchase this year,The ear cushions stay comfortable through long sessions. Great energy in the low end for the price. People on calls say my voice comes through clearly.,False,3,2026-01-13
R-00536,HP-013,Priya C.,4,Very good overall,The ear cushions stay comfortable through long sessions. People on calls say my voice comes through clearly. Wish it had noise cancellation at this price.,True,8,2026-03-01
R-00537,HP-013,Ananya C.,5,Absolutely love these,The ear cushions stay comfortable through long sessions. Low-latency mode keeps audio in sync. People on calls say my voice comes through clearly.,True,31,2025-07-14
R-00538,HP-013,Kavya R.,5,Absolutely love these,The ear cushions stay comfortable through long sessions. The mic is good enough for daily meetings. The bass is punchy without turning muddy.,True,26,2026-03-16
R-00539,HP-013,Aditi D.,5,Absolutely love these,The ear cushions stay comfortable through long sessions. The mic is good enough for daily meetings. Great energy in the low end for the price.,False,14,2025-08-09
R-00540,HP-013,Divya V.,4,Very good overall,The ear cushions stay comfortable through long sessions. The bass is punchy without turning muddy. Mic quality drops in noisy places.,True,14,2025-06-16
R-00541,HP-013,Swathi M.,4,Happy with it,The ear cushions stay comfortable through long sessions. The bass is punchy without turning muddy. Wish it had noise cancellation at this price.,True,8,2026-01-28
R-00542,HP-013,Pooja R.,3,"Decent, with caveats",The ear cushions stay comfortable through long sessions. A bit heavy after a couple of hours of use. The companion controls take some getting used to.,True,26,2025-11-23
R-00543,HP-013,Lakshmi S.,3,Good but not perfect,The ear cushions stay comfortable through long sessions. Sound is fine but not exceptional for the price. Wish it had noise cancellation at this price.,True,27,2026-01-21
R-00544,HP-013,Lakshmi M.,5,Best purchase this year,The ear cushions stay comfortable through long sessions. The bass is punchy without turning muddy. The mic is good enough for daily meetings.,True,36,2026-05-12
R-00545,HP-014,Manoj C.,5,Worth every rupee,Fits snugly and stays put while I move around. Handled a surprise rain shower on my run just fine. No noticeable lag while gaming or watching videos.,True,35,2025-09-25
R-00546,HP-014,Suresh G.,5,Best purchase this year,Fits snugly and stays put while I move around. Low-latency mode keeps audio in sync. Fast charging has saved me more than once.,True,16,2025-12-06
R-00547,HP-014,Ravi K.,4,Happy with it,Fits snugly and stays put while I move around. Low-latency mode keeps audio in sync. Bluetooth dropped once or twice in a crowded area.,True,22,2025-11-12
R-00548,HP-014,Sneha H.,2,Expected more,Ear tips took a while to fit properly. Wish it had noise cancellation at this price. Expected better for the price.,True,5,2026-06-17
R-00549,HP-014,Harish B.,2,Expected more,Bluetooth dropped once or twice in a crowded area. Ear tips took a while to fit properly. Expected better for the price.,True,9,2025-10-03
R-00550,HP-014,Swathi L.,5,Best purchase this year,Fits snugly and stays put while I move around. Connects instantly every time I open the case or switch it on. Survives sweaty gym sessions without any trouble.,False,6,2026-01-10
R-00551,HP-014,Ishita R.,4,Happy with it,Fits snugly and stays put while I move around. No noticeable lag while gaming or watching videos. The companion controls take some getting used to.,True,23,2025-06-05
R-00552,HP-014,Vikram C.,3,Good but not perfect,Fits snugly and stays put while I move around. Wish it had noise cancellation at this price. Mic quality drops in noisy places.,True,37,2025-11-21
R-00553,HP-014,Rahul E.,4,Very good overall,Fits snugly and stays put while I move around. Fast charging has saved me more than once. Bluetooth dropped once or twice in a crowded area.,True,20,2025-10-01
R-00554,HP-014,Nisha B.,5,Absolutely love these,Fits snugly and stays put while I move around. Low-latency mode keeps audio in sync. Bluetooth pairing is quick and the connection stays stable.,True,35,2026-02-02
R-00555,HP-014,Pooja D.,3,"Decent, with caveats",Fits snugly and stays put while I move around. Bluetooth dropped once or twice in a crowded area. Wish it had noise cancellation at this price.,False,3,2026-07-24
R-00556,HP-014,Deepa H.,3,Good but not perfect,Fits snugly and stays put while I move around. Ear tips took a while to fit properly. Sound is fine but not exceptional for the price.,True,38,2025-12-30
R-00557,HP-014,Rohan L.,4,Very good overall,Fits snugly and stays put while I move around. Survives sweaty gym sessions without any trouble. Ear tips took a while to fit properly.,True,12,2026-04-12
R-00558,HP-014,Lakshmi H.,4,Solid pick,Fits snugly and stays put while I move around. Connects instantly every time I open the case or switch it on. Wish it had noise cancellation at this price.,True,38,2025-11-04
R-00559,HP-014,Rahul J.,5,Best purchase this year,Fits snugly and stays put while I move around. Connects instantly every time I open the case or switch it on. Fast charging has saved me more than once.,True,18,2026-06-12
R-00560,HP-014,Divya T.,3,Good but not perfect,Fits snugly and stays put while I move around. Bluetooth dropped once or twice in a crowded area. Ear tips took a while to fit properly.,True,24,2025-12-27
R-00561,HP-014,Rahul D.,3,"Decent, with caveats",Fits snugly and stays put while I move around. Battery drains a little faster than the advertised 24 hours. Ear tips took a while to fit properly.,True,11,2025-09-13
R-00562,HP-014,Ishita K.,5,Absolutely love these,Fits snugly and stays put while I move around. Fast charging has saved me more than once. No noticeable lag while gaming or watching videos.,True,13,2026-02-22
R-00563,HP-014,Priya N.,5,Best purchase this year,Fits snugly and stays put while I move around. A ten minute charge gives hours of playback. Handled a surprise rain shower on my run just fine.,False,33,2025-06-04
R-00564,HP-014,Lakshmi C.,5,Absolutely love these,Fits snugly and stays put while I move around. No noticeable lag while gaming or watching videos. Handled a surprise rain shower on my run just fine.,False,21,2026-03-12
R-00565,HP-014,Naveen P.,5,Best purchase this year,Fits snugly and stays put while I move around. Survives sweaty gym sessions without any trouble. Bluetooth pairing is quick and the connection stays stable.,False,22,2026-01-12
R-00566,HP-014,Deepa P.,4,Solid pick,Fits snugly and stays put while I move around. Handled a surprise rain shower on my run just fine. Wish it had noise cancellation at this price.,True,15,2025-08-22
R-00567,HP-014,Meera E.,4,Very good overall,Fits snugly and stays put while I move around. The mic is good enough for daily meetings. Ear tips took a while to fit properly.,True,33,2025-07-24
R-00568,HP-014,Suresh D.,5,Best purchase this year,Fits snugly and stays put while I move around. Handled a surprise rain shower on my run just fine. The mic is good enough for daily meetings.,True,16,2025-10-06
R-00569,HP-014,Swathi J.,4,Solid pick,Fits snugly and stays put while I move around. The mic is good enough for daily meetings. Ear tips took a while to fit properly.,True,32,2025-10-11
R-00570,HP-014,Siddharth G.,4,Very good overall,Fits snugly and stays put while I move around. The mic is good enough for daily meetings. Battery drains a little faster than the advertised 24 hours.,True,33,2026-02-05
R-00571,HP-014,Vikram S.,5,Best purchase this year,Fits snugly and stays put while I move around. Fast charging has saved me more than once. People on calls say my voice comes through clearly.,True,25,2026-07-31
R-00572,HP-014,Ishita N.,4,Solid pick,Fits snugly and stays put while I move around. The mic is good enough for daily meetings. Mic quality drops in noisy places.,True,0,2025-06-15
R-00573,HP-014,Rohan V.,4,Solid pick,Fits snugly and stays put while I move around. Fast charging has saved me more than once. Ear tips took a while to fit properly.,True,35,2025-11-11
R-00574,HP-014,Sneha E.,5,Best purchase this year,Fits snugly and stays put while I move around. The mic is good enough for daily meetings. Fast charging has saved me more than once.,True,15,2026-04-30
R-00575,HP-014,Nisha R.,4,Happy with it,Fits snugly and stays put while I move around. Connects instantly every time I open the case or switch it on. Sound is fine but not exceptional for the price.,True,40,2025-10-15
R-00576,HP-014,Arjun E.,5,Best purchase this year,Fits snugly and stays put while I move around. The mic is good enough for daily meetings. Survives sweaty gym sessions without any trouble.,True,21,2025-11-18
R-00577,HP-014,Imran T.,3,Average for the price,Fits snugly and stays put while I move around. The build feels a little plasticky. Ear tips took a while to fit properly.,False,1,2026-01-19
R-00578,HP-014,Divya J.,4,Very good overall,Fits snugly and stays put while I move around. Handled a surprise rain shower on my run just fine. Mic quality drops in noisy places.,False,9,2025-08-18
R-00579,HP-014,Nisha S.,4,Solid pick,Fits snugly and stays put while I move around. Connects instantly every time I open the case or switch it on. Mic quality drops in noisy places.,True,2,2025-09-18
R-00580,HP-014,Varun R.,2,Not great,The build feels a little plasticky. Battery drains a little faster than the advertised 24 hours. Expected better for the price.,False,13,2025-08-18
R-00581,HP-014,Ishita B.,5,Absolutely love these,Fits snugly and stays put while I move around. Handled a surprise rain shower on my run just fine. People on calls say my voice comes through clearly.,False,0,2026-04-17
R-00582,HP-014,Ananya L.,5,Absolutely love these,Fits snugly and stays put while I move around. Low-latency mode keeps audio in sync. A ten minute charge gives hours of playback.,True,18,2026-07-13
R-00583,HP-014,Imran P.,5,Best purchase this year,Fits snugly and stays put while I move around. Connects instantly every time I open the case or switch it on. No noticeable lag while gaming or watching videos.,False,11,2026-01-07
R-00584,HP-014,Rohan S.,3,Good but not perfect,Fits snugly and stays put while I move around. Bluetooth dropped once or twice in a crowded area. The companion controls take some getting used to.,False,23,2025-11-01
R-00585,HP-014,Ishita P.,4,Very good overall,Fits snugly and stays put while I move around. No noticeable lag while gaming or watching videos. The build feels a little plasticky.,True,2,2026-03-22
R-00586,HP-014,Shruti M.,5,Absolutely love these,Fits snugly and stays put while I move around. Survives sweaty gym sessions without any trouble. The mic is good enough for daily meetings.,True,29,2025-09-06
R-00587,HP-014,Sneha K.,4,Solid pick,Fits snugly and stays put while I move around. Fast charging has saved me more than once. Ear tips took a while to fit properly.,True,14,2026-05-02
R-00588,HP-014,Harish S.,3,Good but not perfect,Fits snugly and stays put while I move around. The build feels a little plasticky. Wish it had noise cancellation at this price.,True,6,2025-06-07
R-00589,HP-014,Lakshmi A.,4,Very good overall,Fits snugly and stays put while I move around. People on calls say my voice comes through clearly. Bluetooth dropped once or twice in a crowded area.,True,34,2025-10-23
R-00590,HP-014,Divya J.,4,Happy with it,Fits snugly and stays put while I move around. Connects instantly every time I open the case or switch it on. The companion controls take some getting used to.,False,34,2026-08-10
R-00591,HP-014,Varun E.,5,Worth every rupee,Fits snugly and stays put while I move around. Fast charging has saved me more than once. Survives sweaty gym sessions without any trouble.,True,31,2026-08-15
R-00592,HP-014,Divya K.,4,Very good overall,Fits snugly and stays put while I move around. Handled a surprise rain shower on my run just fine. Wish it had noise cancellation at this price.,True,3,2026-01-12
R-00593,HP-014,Meera B.,4,Happy with it,Fits snugly and stays put while I move around. Bluetooth pairing is quick and the connection stays stable. Ear tips took a while to fit properly.,True,10,2026-04-04
R-00594,HP-014,Arjun E.,5,Absolutely love these,Fits snugly and stays put while I move around. Bluetooth pairing is quick and the connection stays stable. Survives sweaty gym sessions without any trouble.,True,12,2025-11-11
R-00595,HP-014,Ravi A.,4,Very good overall,Fits snugly and stays put while I move around. Survives sweaty gym sessions without any trouble. Mic quality drops in noisy places.,False,16,2025-08-03
R-00596,HP-014,Varun V.,3,Average for the price,Fits snugly and stays put while I move around. Ear tips took a while to fit properly. Mic quality drops in noisy places.,True,21,2026-08-09
R-00597,HP-014,Siddharth N.,5,Best purchase this year,Fits snugly and stays put while I move around. No noticeable lag while gaming or watching videos. A ten minute charge gives hours of playback.,True,32,2025-10-07
R-00598,HP-014,Rohan S.,5,Best purchase this year,Fits snugly and stays put while I move around. Fast charging has saved me more than once. Handled a surprise rain shower on my run just fine.,False,5,2025-06-27
R-00599,HP-014,Nisha D.,5,Best purchase this year,Fits snugly and stays put while I move around. Fast charging has saved me more than once. The mic is good enough for daily meetings.,True,2,2026-08-27
R-00600,HP-014,Harish B.,3,Average for the price,Fits snugly and stays put while I move around. Battery drains a little faster than the advertised 24 hours. Bluetooth dropped once or twice in a crowded area.,True,15,2026-06-05
R-00601,HP-014,Nisha P.,4,Very good overall,Fits snugly and stays put while I move around. Survives sweaty gym sessions without any trouble. Bluetooth dropped once or twice in a crowded area.,True,31,2025-12-12
R-00602,HP-015,Lakshmi L.,3,"Decent, with caveats",Fits snugly and stays put while I move around. Ear tips took a while to fit properly. Wish it had noise cancellation at this price.,True,22,2025-11-24
R-00603,HP-015,Deepa A.,3,Average for the price,Fits snugly and stays put while I move around. Ear tips took a while to fit properly. Bluetooth dropped once or twice in a crowded area.,True,5,2026-06-19
R-00604,HP-015,Tanvi C.,5,Best purchase this year,Fits snugly and stays put while I move around. Connects instantly every time I open the case or switch it on. A ten minute charge gives hours of playback.,True,40,2025-11-14
R-00605,HP-015,Tanvi S.,5,Absolutely love these,Fits snugly and stays put while I move around. Fast charging has saved me more than once. Handled a surprise rain shower on my run just fine.,True,6,2026-02-23
R-00606,HP-015,Naveen C.,4,Happy with it,Fits snugly and stays put while I move around. Fast charging has saved me more than once. Bluetooth dropped once or twice in a crowded area.,True,29,2026-01-09
R-00607,HP-015,Nisha V.,5,Worth every rupee,Fits snugly and stays put while I move around. The mic is good enough for daily meetings. A ten minute charge gives hours of playback.,True,11,2026-05-28
R-00608,HP-015,Meera T.,3,Average for the price,Fits snugly and stays put while I move around. Battery drains a little faster than the advertised 30 hours. Bluetooth dropped once or twice in a crowded area.,True,40,2026-06-29
R-00609,HP-015,Priya D.,2,Disappointed,Ear tips took a while to fit properly. Wish it had noise cancellation at this price. Expected better for the price.,False,25,2026-03-05
R-00610,HP-015,Vikram H.,4,Solid pick,Fits snugly and stays put while I move around. People on calls say my voice comes through clearly. Mic quality drops in noisy places.,True,34,2025-11-21
R-00611,HP-015,Tanvi M.,4,Happy with it,Fits snugly and stays put while I move around. Bluetooth pairing is quick and the connection stays stable. Bluetooth dropped once or twice in a crowded area.,True,34,2026-02-25
R-00612,HP-015,Priya M.,3,Average for the price,Fits snugly and stays put while I move around. The companion controls take some getting used to. Wish it had noise cancellation at this price.,True,8,2025-11-23
R-00613,HP-015,Siddharth R.,5,Best purchase this year,Fits snugly and stays put while I move around. People on calls say my voice comes through clearly. Handled a surprise rain shower on my run just fine.,True,8,2026-05-08
R-00614,HP-015,Swathi A.,3,"Decent, with caveats",Fits snugly and stays put while I move around. Bluetooth dropped once or twice in a crowded area. Mic quality drops in noisy places.,False,20,2026-03-12
R-00615,HP-015,Pooja H.,3,"Decent, with caveats",Fits snugly and stays put while I move around. Wish it had noise cancellation at this price. Battery drains a little faster than the advertised 30 hours.,True,15,2025-11-11
R-00616,HP-015,Manoj S.,5,Worth every rupee,Fits snugly and stays put while I move around. A ten minute charge gives hours of playback. Survives sweaty gym sessions without any trouble.,False,28,2026-05-01
R-00617,HP-015,Imran B.,4,Solid pick,Fits snugly and stays put while I move around. Bluetooth pairing is quick and the connection stays stable. Battery drains a little faster than the advertised 30 hours.,True,27,2026-07-07
R-00618,HP-015,Rohan K.,5,Worth every rupee,Fits snugly and stays put while I move around. Connects instantly every time I open the case or switch it on. A ten minute charge gives hours of playback.,True,19,2025-06-17
R-00619,HP-015,Manoj P.,2,Not great,Sound is fine but not exceptional for the price. Mic quality drops in noisy places. Expected better for the price.,True,7,2026-06-10
R-00620,HP-015,Aarav L.,4,Solid pick,Fits snugly and stays put while I move around. A ten minute charge gives hours of playback. Battery drains a little faster than the advertised 30 hours.,False,18,2025-11-25
R-00621,HP-015,Rahul E.,5,Worth every rupee,Fits snugly and stays put while I move around. Survives sweaty gym sessions without any trouble. The mic is good enough for daily meetings.,True,26,2025-12-10
R-00622,HP-015,Imran D.,4,Very good overall,Fits snugly and stays put while I move around. Connects instantly every time I open the case or switch it on. Ear tips took a while to fit properly.,False,8,2026-07-30
R-00623,HP-015,Sneha B.,4,Happy with it,Fits snugly and stays put while I move around. Handled a surprise rain shower on my run just fine. Wish it had noise cancellation at this price.,True,2,2026-07-11
R-00624,HP-015,Swathi A.,3,Average for the price,Fits snugly and stays put while I move around. Sound is fine but not exceptional for the price. Ear tips took a while to fit properly.,False,27,2025-06-26
R-00625,HP-015,Aarav P.,4,Happy with it,Fits snugly and stays put while I move around. Connects instantly every time I open the case or switch it on. Ear tips took a while to fit properly.,True,11,2025-08-29
R-00626,HP-015,Tanvi J.,5,Worth every rupee,Fits snugly and stays put while I move around. The mic is good enough for daily meetings. Fast charging has saved me more than once.,False,30,2026-02-14
R-00627,HP-015,Shruti B.,5,Absolutely love these,Fits snugly and stays put while I move around. Bluetooth pairing is quick and the connection stays stable. Fast charging has saved me more than once.,True,0,2026-01-01
R-00628,HP-015,Kavya C.,3,"Decent, with caveats",Fits snugly and stays put while I move around. Mic quality drops in noisy places. Battery drains a little faster than the advertised 30 hours.,True,28,2025-11-18
R-00629,HP-015,Rohan M.,4,Very good overall,Fits snugly and stays put while I move around. People on calls say my voice comes through clearly. Wish it had noise cancellation at this price.,True,16,2025-06-18
R-00630,HP-015,Swathi R.,5,Best purchase this year,Fits snugly and stays put while I move around. Survives sweaty gym sessions without any trouble. People on calls say my voice comes through clearly.,True,0,2026-08-19
R-00631,HP-015,Varun J.,4,Happy with it,Fits snugly and stays put while I move around. The mic is good enough for daily meetings. Mic quality drops in noisy places.,True,36,2026-07-31
R-00632,HP-015,Naveen P.,4,Solid pick,Fits snugly and stays put while I move around. Survives sweaty gym sessions without any trouble. Ear tips took a while to fit properly.,True,18,2026-03-17
R-00633,HP-015,Tanvi C.,3,"Decent, with caveats",Fits snugly and stays put while I move around. Battery drains a little faster than the advertised 30 hours. Bluetooth dropped once or twice in a crowded area.,True,38,2026-02-10
R-00634,HP-015,Ananya P.,4,Solid pick,Fits snugly and stays put while I move around. Handled a surprise rain shower on my run just fine. Bluetooth dropped once or twice in a crowded area.,True,25,2025-10-02
R-00635,HP-015,Rohan V.,5,Absolutely love these,Fits snugly and stays put while I move around. People on calls say my voice comes through clearly. Fast charging has saved me more than once.,True,0,2026-01-23
R-00636,HP-015,Aditi M.,3,Good but not perfect,Fits snugly and stays put while I move around. Battery drains a little faster than the advertised 30 hours. Sound is fine but not exceptional for the price.,True,8,2025-09-26
R-00637,HP-015,Shruti J.,3,"Decent, with caveats",Fits snugly and stays put while I move around. Mic quality drops in noisy places. Wish it had noise cancellation at this price.,True,20,2026-05-23
R-00638,HP-015,Tanvi D.,4,Solid pick,Fits snugly and stays put while I move around. Connects instantly every time I open the case or switch it on. Bluetooth dropped once or twice in a crowded area.,True,6,2026-04-26
R-00639,HP-015,Siddharth L.,5,Absolutely love these,Fits snugly and stays put while I move around. Fast charging has saved me more than once. Handled a surprise rain shower on my run just fine.,True,12,2026-07-22
R-00640,HP-015,Aditi V.,4,Very good overall,Fits snugly and stays put while I move around. Survives sweaty gym sessions without any trouble. Ear tips took a while to fit properly.,True,30,2026-08-05
R-00641,HP-015,Priya H.,4,Happy with it,Fits snugly and stays put while I move around. Bluetooth pairing is quick and the connection stays stable. Battery drains a little faster than the advertised 30 hours.,True,32,2026-05-15
R-00642,HP-015,Aditi E.,4,Very good overall,Fits snugly and stays put while I move around. Survives sweaty gym sessions without any trouble. Ear tips took a while to fit properly.,False,12,2025-07-25
R-00643,HP-015,Karthik S.,4,Solid pick,Fits snugly and stays put while I move around. Connects instantly every time I open the case or switch it on. The companion controls take some getting used to.,True,38,2025-09-09
R-00644,HP-015,Vikram L.,5,Best purchase this year,Fits snugly and stays put while I move around. A ten minute charge gives hours of playback. People on calls say my voice comes through clearly.,True,33,2025-10-15
R-00645,HP-015,Imran E.,5,Worth every rupee,Fits snugly and stays put while I move around. A ten minute charge gives hours of playback. Connects instantly every time I open the case or switch it on.,True,33,2026-08-26
R-00646,HP-015,Rahul R.,5,Worth every rupee,Fits snugly and stays put while I move around. The mic is good enough for daily meetings. Bluetooth pairing is quick and the connection stays stable.,False,17,2026-02-19
R-00647,HP-015,Suresh R.,3,Good but not perfect,Fits snugly and stays put while I move around. Bluetooth dropped once or twice in a crowded area. Wish it had noise cancellation at this price.,True,31,2026-03-11
R-00648,HP-015,Aarav L.,4,Very good overall,Fits snugly and stays put while I move around. Connects instantly every time I open the case or switch it on. Bluetooth dropped once or twice in a crowded area.,True,6,2025-11-04
R-00649,HP-015,Tanvi T.,5,Absolutely love these,Fits snugly and stays put while I move around. People on calls say my voice comes through clearly. Bluetooth pairing is quick and the connection stays stable.,True,32,2026-03-13
R-00650,HP-015,Siddharth T.,3,Average for the price,Fits snugly and stays put while I move around. Battery drains a little faster than the advertised 30 hours. Sound is fine but not exceptional for the price.,True,5,2026-07-12
R-00651,HP-015,Sneha G.,3,Average for the price,Fits snugly and stays put while I move around. Bluetooth dropped once or twice in a crowded area. Ear tips took a while to fit properly.,True,2,2026-08-03
R-00652,HP-015,Kavya J.,5,Absolutely love these,Fits snugly and stays put while I move around. Connects instantly every time I open the case or switch it on. Fast charging has saved me more than once.,True,23,2026-03-25
R-00653,HP-015,Manoj K.,5,Absolutely love these,Fits snugly and stays put while I move around. The mic is good enough for daily meetings. Fast charging has saved me more than once.,False,11,2025-11-08
R-00654,HP-015,Naveen H.,5,Worth every rupee,Fits snugly and stays put while I move around. People on calls say my voice comes through clearly. Survives sweaty gym sessions without any trouble.,True,6,2026-01-29
R-00655,HP-015,Divya P.,3,Good but not perfect,Fits snugly and stays put while I move around. Ear tips took a while to fit properly. Battery drains a little faster than the advertised 30 hours.,True,2,2026-06-08
R-00656,HP-015,Aditi R.,4,Very good overall,Fits snugly and stays put while I move around. Handled a surprise rain shower on my run just fine. Wish it had noise cancellation at this price.,False,16,2025-08-25
R-00657,HP-015,Tanvi K.,4,Very good overall,Fits snugly and stays put while I move around. Bluetooth pairing is quick and the connection stays stable. Bluetooth dropped once or twice in a crowded area.,True,24,2025-09-02
R-00658,HP-016,Ravi M.,5,Worth every rupee,The ear cushions stay comfortable through long sessions. Switching between my laptop and phone is seamless. Bluetooth pairing is quick and the connection stays stable.,False,39,2025-08-27
R-00659,HP-016,Faisal V.,4,Solid pick,The ear cushions stay comfortable through long sessions. Folds flat and slips into my bag easily. Bluetooth dropped once or twice in a crowded area.,True,24,2026-05-22
R-00660,HP-016,Vikram P.,4,Very good overall,The ear cushions stay comfortable through long sessions. Folds flat and slips into my bag easily. Bluetooth dropped once or twice in a crowded area.,True,11,2026-04-13
R-00661,HP-016,Arjun D.,4,Very good overall,The ear cushions stay comfortable through long sessions. Switching between my laptop and phone is seamless. Bluetooth dropped once or twice in a crowded area.,True,4,2025-07-24
R-00662,HP-016,Ananya R.,5,Worth every rupee,The ear cushions stay comfortable through long sessions. Connects instantly every time I open the case or switch it on. The foldable frame is great for travel.,True,38,2025-06-18
R-00663,HP-016,Meera D.,5,Absolutely love these,The ear cushions stay comfortable through long sessions. The foldable frame is great for travel. Multipoint pairing means I never re-pair anything.,False,36,2026-06-22
R-00664,HP-016,Faisal L.,5,Best purchase this year,The ear cushions stay comfortable through long sessions. The foldable frame is great for travel. ANC makes my daily commute so much calmer.,True,35,2026-04-08
R-00665,HP-016,Imran B.,5,Worth every rupee,The ear cushions stay comfortable through long sessions. ANC makes my daily commute so much calmer. Multipoint pairing means I never re-pair anything.,True,26,2026-03-01
R-00666,HP-016,Suresh H.,5,Best purchase this year,The ear cushions stay comfortable through long sessions. Connects instantly every time I open the case or switch it on. People on calls say my voice comes through clearly.,True,8,2026-08-05
R-00667,HP-016,Karthik A.,5,Absolutely love these,The ear cushions stay comfortable through long sessions. A ten minute charge gives hours of playback. Folds flat and slips into my bag easily.,True,33,2025-07-10
R-00668,HP-016,Divya D.,5,Worth every rupee,The ear cushions stay comfortable through long sessions. Switching between my laptop and phone is seamless. ANC makes my daily commute so much calmer.,False,12,2026-05-12
R-00669,HP-016,Karthik S.,5,Best purchase this year,The ear cushions stay comfortable through long sessions. Switching between my laptop and phone is seamless. The foldable frame is great for travel.,True,28,2026-03-20
R-00670,HP-016,Ravi C.,4,Very good overall,The ear cushions stay comfortable through long sessions. The mic is good enough for daily meetings. Bluetooth dropped once or twice in a crowded area.,False,8,2026-08-19
R-00671,HP-016,Arjun L.,4,Solid pick,The ear cushions stay comfortable through long sessions. Folds flat and slips into my bag easily. Mic quality drops in noisy places.,True,26,2025-08-15
R-00672,HP-016,Siddharth L.,5,Worth every rupee,The ear cushions stay comfortable through long sessions. Switching between my laptop and phone is seamless. ANC makes my daily commute so much calmer.,True,27,2026-08-05
R-00673,HP-016,Siddharth G.,5,Worth every rupee,The ear cushions stay comfortable through long sessions. ANC makes my daily commute so much calmer. A ten minute charge gives hours of playback.,True,4,2026-04-28
R-00674,HP-016,Divya S.,5,Worth every rupee,The ear cushions stay comfortable through long sessions. Folds flat and slips into my bag easily. The noise cancellation tunes out the metro and office chatter really well.,True,26,2026-08-28
R-00675,HP-016,Ananya H.,4,Very good overall,The ear cushions stay comfortable through long sessions. Bluetooth pairing is quick and the connection stays stable. Mic quality drops in noisy places.,True,38,2025-08-26
R-00676,HP-016,Ravi P.,5,Absolutely love these,The ear cushions stay comfortable through long sessions. Connects instantly every time I open the case or switch it on. The foldable frame is great for travel.,True,26,2026-07-06
R-00677,HP-016,Rohan N.,5,Worth every rupee,The ear cushions stay comfortable through long sessions. Folds flat and slips into my bag easily. The mic is good enough for daily meetings.,False,26,2026-01-20
R-00678,HP-016,Varun B.,5,Worth every rupee,The ear cushions stay comfortable through long sessions. People on calls say my voice comes through clearly. A ten minute charge gives hours of playback.,False,19,2025-12-19
R-00679,HP-016,Ravi T.,4,Happy with it,The ear cushions stay comfortable through long sessions. Multipoint pairing means I never re-pair anything. Battery drains a little faster than the advertised 45 hours.,True,18,2026-03-04
R-00680,HP-016,Pooja R.,5,Worth every rupee,The ear cushions stay comfortable through long sessions. Bluetooth pairing is quick and the connection stays stable. Folds flat and slips into my bag easily.,True,22,2026-04-27
R-00681,HP-016,Varun G.,5,Best purchase this year,The ear cushions stay comfortable through long sessions. Switching between my laptop and phone is seamless. A ten minute charge gives hours of playback.,True,10,2025-12-01
R-00682,HP-016,Tanvi R.,5,Absolutely love these,The ear cushions stay comfortable through long sessions. Multipoint pairing means I never re-pair anything. Connects instantly every time I open the case or switch it on.,True,31,2026-01-31
R-00683,HP-016,Aarav V.,5,Worth every rupee,The ear cushions stay comfortable through long sessions. Multipoint pairing means I never re-pair anything. Connects instantly every time I open the case or switch it on.,True,24,2026-03-12
R-00684,HP-016,Ishita G.,5,Best purchase this year,The ear cushions stay comfortable through long sessions. The mic is good enough for daily meetings. The foldable frame is great for travel.,True,40,2026-02-22
R-00685,HP-016,Naveen B.,3,"Decent, with caveats",The ear cushions stay comfortable through long sessions. Battery drains a little faster than the advertised 45 hours. Mic quality drops in noisy places.,True,2,2025-09-15
R-00686,HP-016,Aarav E.,5,Absolutely love these,The ear cushions stay comfortable through long sessions. A ten minute charge gives hours of playback. Folds flat and slips into my bag easily.,True,28,2026-07-17
R-00687,HP-016,Divya H.,5,Worth every rupee,The ear cushions stay comfortable through long sessions. A ten minute charge gives hours of playback. The foldable frame is great for travel.,True,3,2025-12-19
R-00688,HP-016,Karthik R.,2,Disappointed,Mic quality drops in noisy places. Sound is fine but not exceptional for the price. Expected better for the price.,True,40,2025-09-03
R-00689,HP-016,Priya K.,4,Solid pick,The ear cushions stay comfortable through long sessions. Multipoint pairing means I never re-pair anything. Mic quality drops in noisy places.,True,2,2025-09-04
R-00690,HP-016,Swathi M.,5,Absolutely love these,The ear cushions stay comfortable through long sessions. People on calls say my voice comes through clearly. Folds flat and slips into my bag easily.,False,37,2025-09-08
R-00691,HP-016,Arjun C.,5,Absolutely love these,The ear cushions stay comfortable through long sessions. The foldable frame is great for travel. A ten minute charge gives hours of playback.,True,35,2025-10-14
R-00692,HP-016,Sneha C.,4,Solid pick,The ear cushions stay comfortable through long sessions. Fast charging has saved me more than once. Mic quality drops in noisy places.,True,15,2026-06-16
R-00693,HP-016,Varun L.,5,Worth every rupee,The ear cushions stay comfortable through long sessions. The foldable frame is great for travel. Connects instantly every time I open the case or switch it on.,True,39,2025-08-08
R-00694,HP-016,Vikram H.,4,Happy with it,The ear cushions stay comfortable through long sessions. The mic is good enough for daily meetings. Bluetooth dropped once or twice in a crowded area.,True,32,2026-03-22
R-00695,HP-016,Rahul T.,5,Worth every rupee,The ear cushions stay comfortable through long sessions. The foldable frame is great for travel. A ten minute charge gives hours of playback.,True,17,2026-01-16
R-00696,HP-016,Kavya E.,5,Best purchase this year,The ear cushions stay comfortable through long sessions. Connects instantly every time I open the case or switch it on. A ten minute charge gives hours of playback.,True,30,2025-09-30
R-00697,HP-016,Nisha R.,5,Best purchase this year,The ear cushions stay comfortable through long sessions. Multipoint pairing means I never re-pair anything. The mic is good enough for daily meetings.,True,1,2026-03-24
R-00698,HP-016,Arjun T.,4,Happy with it,The ear cushions stay comfortable through long sessions. People on calls say my voice comes through clearly. Battery drains a little faster than the advertised 45 hours.,True,13,2026-07-31
R-00699,HP-016,Suresh D.,5,Best purchase this year,The ear cushions stay comfortable through long sessions. ANC makes my daily commute so much calmer. Connects instantly every time I open the case or switch it on.,True,10,2026-05-15
R-00700,HP-016,Siddharth C.,5,Worth every rupee,The ear cushions stay comfortable through long sessions. The noise cancellation tunes out the metro and office chatter really well. The foldable frame is great for travel.,True,15,2025-11-28
R-00701,HP-016,Tanvi T.,5,Absolutely love these,The ear cushions stay comfortable through long sessions. People on calls say my voice comes through clearly. Multipoint pairing means I never re-pair anything.,True,0,2025-10-09
R-00702,HP-016,Karthik V.,4,Very good overall,The ear cushions stay comfortable through long sessions. Bluetooth pairing is quick and the connection stays stable. Mic quality drops in noisy places.,True,39,2025-08-01
R-00703,HP-016,Divya D.,5,Worth every rupee,The ear cushions stay comfortable through long sessions. Switching between my laptop and phone is seamless. Bluetooth pairing is quick and the connection stays stable.,True,8,2025-08-20
R-00704,HP-016,Manoj G.,4,Happy with it,The ear cushions stay comfortable through long sessions. Connects instantly every time I open the case or switch it on. Mic quality drops in noisy places.,True,40,2025-07-26
R-00705,HP-016,Ishita H.,4,Happy with it,The ear cushions stay comfortable through long sessions. Folds flat and slips into my bag easily. Bluetooth dropped once or twice in a crowded area.,True,9,2026-01-14
R-00706,HP-016,Divya M.,5,Worth every rupee,The ear cushions stay comfortable through long sessions. A ten minute charge gives hours of playback. Connects instantly every time I open the case or switch it on.,False,32,2025-09-03
R-00707,HP-016,Rohan S.,4,Happy with it,The ear cushions stay comfortable through long sessions. People on calls say my voice comes through clearly. Mic quality drops in noisy places.,True,21,2026-08-17
R-00708,HP-017,Shruti A.,5,Best purchase this year,The ear cushions stay comfortable through long sessions. Bluetooth pairing is quick and the connection stays stable. Folds flat and slips into my bag easily.,True,14,2025-09-13
R-00709,HP-017,Varun N.,4,Solid pick,The ear cushions stay comfortable through long sessions. Bluetooth pairing is quick and the connection stays stable. Battery drains a little faster than the advertised 28 hours.,False,12,2025-08-05
R-00710,HP-017,Faisal M.,4,Very good overall,The ear cushions stay comfortable through long sessions. Folds flat and slips into my bag easily. Wish it had noise cancellation at this price.,False,11,2025-09-12
R-00711,HP-017,Varun M.,4,Very good overall,The ear cushions stay comfortable through long sessions. Bluetooth pairing is quick and the connection stays stable. The build feels a little plasticky.,False,24,2026-06-16
R-00712,HP-017,Varun G.,5,Worth every rupee,The ear cushions stay comfortable through long sessions. Connects instantly every time I open the case or switch it on. The foldable frame is great for travel.,True,25,2026-01-07
R-00713,HP-017,Rohan D.,4,Very good overall,The ear cushions stay comfortable through long sessions. The foldable frame is great for travel. The build feels a little plasticky.,False,1,2025-10-03
R-00714,HP-017,Nisha D.,5,Best purchase this year,The ear cushions stay comfortable through long sessions. Bluetooth pairing is quick and the connection stays stable. The foldable frame is great for travel.,True,10,2026-04-18
R-00715,HP-017,Priya J.,4,Very good overall,The ear cushions stay comfortable through long sessions. The foldable frame is great for travel. The companion controls take some getting used to.,True,27,2025-07-20
R-00716,HP-017,Ravi M.,3,Good but not perfect,The ear cushions stay comfortable through long sessions. Wish it had noise cancellation at this price. Battery drains a little faster than the advertised 28 hours.,True,23,2025-11-29
R-00717,HP-017,Karthik V.,5,Absolutely love these,The ear cushions stay comfortable through long sessions. Connects instantly every time I open the case or switch it on. Folds flat and slips into my bag easily.,True,35,2026-07-12
R-00718,HP-017,Pooja B.,5,Best purchase this year,The ear cushions stay comfortable through long sessions. The foldable frame is great for travel. Bluetooth pairing is quick and the connection stays stable.,True,1,2025-09-09
R-00719,HP-017,Pooja T.,3,Good but not perfect,The ear cushions stay comfortable through long sessions. Sound is fine but not exceptional for the price. Wish it had noise cancellation at this price.,True,36,2026-03-03
R-00720,HP-017,Ananya S.,3,Average for the price,The ear cushions stay comfortable through long sessions. Bluetooth dropped once or twice in a crowded area. Wish it had noise cancellation at this price.,True,37,2025-06-09
R-00721,HP-017,Vikram V.,4,Very good overall,The ear cushions stay comfortable through long sessions. Bluetooth pairing is quick and the connection stays stable. Wish it had noise cancellation at this price.,False,37,2026-05-24
R-00722,HP-017,Arjun E.,3,"Decent, with caveats",The ear cushions stay comfortable through long sessions. Bluetooth dropped once or twice in a crowded area. Wish it had noise cancellation at this price.,True,21,2025-07-12
R-00723,HP-017,Naveen K.,3,Good but not perfect,The ear cushions stay comfortable through long sessions. Bluetooth dropped once or twice in a crowded area. Wish it had noise cancellation at this price.,True,25,2026-05-16
R-00724,HP-018,Suresh B.,5,Absolutely love these,The ear cushions stay comfortable through long sessions. Switching between my laptop and phone is seamless. Bluetooth pairing is quick and the connection stays stable.,True,8,2026-07-16
R-00725,HP-018,Kavya H.,5,Best purchase this year,The ear cushions stay comfortable through long sessions. People on calls say my voice comes through clearly. The noise cancellation tunes out the metro and office chatter really well.,True,37,2025-12-31
R-00726,HP-018,Tanvi R.,3,Good but not perfect,The ear cushions stay comfortable through long sessions. The build feels a little plasticky. Mic quality drops in noisy places.,True,10,2025-09-29
R-00727,HP-018,Ananya T.,2,Not great,Mic quality drops in noisy places. The build feels a little plasticky. Expected better for the price.,False,37,2025-06-06
R-00728,HP-018,Pooja N.,4,Very good overall,The ear cushions stay comfortable through long sessions. The mic is good enough for daily meetings. Battery drains a little faster than the advertised 42 hours.,True,7,2026-06-10
R-00729,HP-018,Karthik S.,5,Worth every rupee,The ear cushions stay comfortable through long sessions. The mic is good enough for daily meetings. Connects instantly every time I open the case or switch it on.,True,6,2026-06-05
R-00730,HP-018,Meera T.,4,Happy with it,The ear cushions stay comfortable through long sessions. Connects instantly every time I open the case or switch it on. Bluetooth dropped once or twice in a crowded area.,True,8,2025-06-10
R-00731,HP-018,Naveen M.,5,Best purchase this year,The ear cushions stay comfortable through long sessions. The mic is good enough for daily meetings. The noise cancellation tunes out the metro and office chatter really well.,False,11,2026-06-05
R-00732,HP-018,Suresh P.,5,Absolutely love these,The ear cushions stay comfortable through long sessions. People on calls say my voice comes through clearly. Switching between my laptop and phone is seamless.,True,15,2026-07-25
R-00733,HP-018,Nisha L.,3,"Decent, with caveats",The ear cushions stay comfortable through long sessions. The build feels a little plasticky. Mic quality drops in noisy places.,True,27,2025-06-18
R-00734,HP-018,Lakshmi R.,4,Happy with it,The ear cushions stay comfortable through long sessions. The noise cancellation tunes out the metro and office chatter really well. Mic quality drops in noisy places.,True,35,2026-03-10
R-00735,HP-018,Varun H.,2,Disappointed,Sound is fine but not exceptional for the price. Bluetooth dropped once or twice in a crowded area. Expected better for the price.,True,35,2025-06-11
R-00736,HP-018,Deepa A.,5,Best purchase this year,The ear cushions stay comfortable through long sessions. People on calls say my voice comes through clearly. Connects instantly every time I open the case or switch it on.,True,10,2025-12-02
R-00737,HP-018,Shruti L.,5,Best purchase this year,The ear cushions stay comfortable through long sessions. People on calls say my voice comes through clearly. Bluetooth pairing is quick and the connection stays stable.,True,31,2026-03-20
R-00738,HP-018,Siddharth N.,5,Absolutely love these,The ear cushions stay comfortable through long sessions. Connects instantly every time I open the case or switch it on. Switching between my laptop and phone is seamless.,True,37,2026-09-03
R-00739,HP-018,Siddharth T.,5,Worth every rupee,The ear cushions stay comfortable through long sessions. People on calls say my voice comes through clearly. ANC makes my daily commute so much calmer.,True,17,2025-06-25
R-00740,HP-018,Priya K.,5,Absolutely love these,The ear cushions stay comfortable through long sessions. The mic is good enough for daily meetings. Connects instantly every time I open the case or switch it on.,True,38,2025-11-28
R-00741,HP-018,Vikram T.,5,Absolutely love these,The ear cushions stay comfortable through long sessions. Multipoint pairing means I never re-pair anything. ANC makes my daily commute so much calmer.,True,38,2026-07-19
R-00742,HP-018,Arjun R.,5,Absolutely love these,The ear cushions stay comfortable through long sessions. ANC makes my daily commute so much calmer. Bluetooth pairing is quick and the connection stays stable.,False,28,2025-11-24
R-00743,HP-018,Divya V.,5,Absolutely love these,The ear cushions stay comfortable through long sessions. The noise cancellation tunes out the metro and office chatter really well. Multipoint pairing means I never re-pair anything.,True,18,2026-05-22
R-00744,HP-018,Shruti E.,5,Absolutely love these,The ear cushions stay comfortable through long sessions. Switching between my laptop and phone is seamless. The noise cancellation tunes out the metro and office chatter really well.,True,8,2026-03-20
R-00745,HP-018,Tanvi J.,5,Worth every rupee,The ear cushions stay comfortable through long sessions. Multipoint pairing means I never re-pair anything. Bluetooth pairing is quick and the connection stays stable.,True,16,2026-06-03
R-00746,HP-019,Rohan P.,5,Best purchase this year,Fits snugly and stays put while I move around. People on calls say my voice comes through clearly. Handled a surprise rain shower on my run just fine.,True,34,2025-06-17
R-00747,HP-019,Shruti H.,4,Very good overall,Fits snugly and stays put while I move around. Bluetooth pairing is quick and the connection stays stable. The companion controls take some getting used to.,True,14,2026-08-29
R-00748,HP-019,Siddharth G.,2,Expected more,The companion controls take some getting used to. Mic quality drops in noisy places. Expected better for the price.,True,1,2026-02-19
R-00749,HP-019,Ishita D.,4,Happy with it,Fits snugly and stays put while I move around. Bluetooth pairing is quick and the connection stays stable. Mic quality drops in noisy places.,True,9,2026-01-16
R-00750,HP-019,Deepa D.,4,Happy with it,Fits snugly and stays put while I move around. The noise cancellation tunes out the metro and office chatter really well. The companion controls take some getting used to.,True,3,2026-06-10
R-00751,HP-019,Priya E.,4,Happy with it,Fits snugly and stays put while I move around. Connects instantly every time I open the case or switch it on. Bluetooth dropped once or twice in a crowded area.,True,20,2025-12-15
R-00752,HP-019,Deepa A.,4,Very good overall,Fits snugly and stays put while I move around. Connects instantly every time I open the case or switch it on. Bluetooth dropped once or twice in a crowded area.,True,10,2025-09-08
R-00753,HP-019,Shruti C.,4,Solid pick,Fits snugly and stays put while I move around. People on calls say my voice comes through clearly. The build feels a little plasticky.,False,38,2026-06-14
R-00754,HP-019,Shruti A.,3,"Decent, with caveats",Fits snugly and stays put while I move around. The companion controls take some getting used to. Mic quality drops in noisy places.,False,31,2025-08-22
R-00755,HP-019,Nisha N.,4,Happy with it,Fits snugly and stays put while I move around. Handled a surprise rain shower on my run just fine. Battery drains a little faster than the advertised 22 hours.,True,40,2025-07-28
R-00756,HP-019,Faisal P.,4,Happy with it,Fits snugly and stays put while I move around. Connects instantly every time I open the case or switch it on. Mic quality drops in noisy places.,True,5,2026-01-19
R-00757,HP-019,Siddharth C.,5,Absolutely love these,Fits snugly and stays put while I move around. Connects instantly every time I open the case or switch it on. Survives sweaty gym sessions without any trouble.,False,19,2025-08-26
R-00758,HP-019,Ishita N.,5,Worth every rupee,Fits snugly and stays put while I move around. The mic is good enough for daily meetings. Handled a surprise rain shower on my run just fine.,True,30,2026-01-30
R-00759,HP-019,Pooja L.,5,Worth every rupee,Fits snugly and stays put while I move around. The mic is good enough for daily meetings. ANC makes my daily commute so much calmer.,True,30,2026-02-19
R-00760,HP-019,Divya K.,4,Happy with it,Fits snugly and stays put while I move around. The noise cancellation tunes out the metro and office chatter really well. The build feels a little plasticky.,True,21,2025-12-05
R-00761,HP-019,Ravi A.,3,"Decent, with caveats",Fits snugly and stays put while I move around. Ear tips took a while to fit properly. The companion controls take some getting used to.,True,16,2026-01-25
R-00762,HP-019,Ishita R.,5,Absolutely love these,Fits snugly and stays put while I move around. The noise cancellation tunes out the metro and office chatter really well. Connects instantly every time I open the case or switch it on.,True,40,2026-04-01
R-00763,HP-019,Naveen T.,5,Best purchase this year,Fits snugly and stays put while I move around. Connects instantly every time I open the case or switch it on. ANC makes my daily commute so much calmer.,True,29,2026-04-16
R-00764,HP-019,Lakshmi N.,5,Best purchase this year,Fits snugly and stays put while I move around. The mic is good enough for daily meetings. Handled a surprise rain shower on my run just fine.,True,1,2026-05-20
R-00765,HP-019,Siddharth P.,5,Absolutely love these,Fits snugly and stays put while I move around. The noise cancellation tunes out the metro and office chatter really well. Bluetooth pairing is quick and the connection stays stable.,True,15,2026-06-09
R-00766,HP-019,Varun M.,4,Solid pick,Fits snugly and stays put while I move around. Survives sweaty gym sessions without any trouble. Bluetooth dropped once or twice in a crowded area.,True,13,2026-03-14
R-00767,HP-019,Rahul N.,4,Very good overall,Fits snugly and stays put while I move around. Survives sweaty gym sessions without any trouble. Mic quality drops in noisy places.,True,30,2025-06-19
R-00768,HP-019,Ananya D.,5,Best purchase this year,Fits snugly and stays put while I move around. People on calls say my voice comes through clearly. Handled a surprise rain shower on my run just fine.,False,9,2025-10-12
R-00769,HP-019,Faisal A.,5,Absolutely love these,Fits snugly and stays put while I move around. Bluetooth pairing is quick and the connection stays stable. People on calls say my voice comes through clearly.,True,18,2026-03-04
R-00770,HP-019,Rohan K.,2,Expected more,Bluetooth dropped once or twice in a crowded area. Battery drains a little faster than the advertised 22 hours. Expected better for the price.,True,16,2026-07-07
R-00771,HP-019,Rahul G.,5,Best purchase this year,Fits snugly and stays put while I move around. Handled a surprise rain shower on my run just fine. Bluetooth pairing is quick and the connection stays stable.,True,20,2025-12-01
R-00772,HP-019,Priya B.,5,Absolutely love these,Fits snugly and stays put while I move around. Survives sweaty gym sessions without any trouble. ANC makes my daily commute so much calmer.,True,0,2025-08-21
R-00773,HP-019,Rahul T.,5,Worth every rupee,Fits snugly and stays put while I move around. Handled a surprise rain shower on my run just fine. The noise cancellation tunes out the metro and office chatter really well.,True,28,2026-02-03
R-00774,HP-019,Meera B.,4,Very good overall,Fits snugly and stays put while I move around. People on calls say my voice comes through clearly. Mic quality drops in noisy places.,True,8,2025-12-25
R-00775,HP-019,Rohan N.,5,Best purchase this year,Fits snugly and stays put while I move around. Survives sweaty gym sessions without any trouble. Connects instantly every time I open the case or switch it on.,True,31,2026-08-21
R-00776,HP-019,Manoj A.,5,Absolutely love these,Fits snugly and stays put while I move around. The mic is good enough for daily meetings. Survives sweaty gym sessions without any trouble.,True,18,2026-08-30
R-00777,HP-019,Tanvi K.,5,Best purchase this year,Fits snugly and stays put while I move around. The noise cancellation tunes out the metro and office chatter really well. Handled a surprise rain shower on my run just fine.,True,13,2025-06-25
R-00778,HP-019,Rahul V.,4,Very good overall,Fits snugly and stays put while I move around. Handled a surprise rain shower on my run just fine. Battery drains a little faster than the advertised 22 hours.,True,25,2026-05-18
R-00779,HP-019,Lakshmi T.,4,Solid pick,Fits snugly and stays put while I move around. Survives sweaty gym sessions without any trouble. Sound is fine but not exceptional for the price.,False,30,2025-08-17
R-00780,HP-019,Sneha D.,4,Solid pick,Fits snugly and stays put while I move around. Survives sweaty gym sessions without any trouble. Sound is fine but not exceptional for the price.,False,28,2026-04-09
R-00781,HP-019,Aditi J.,5,Absolutely love these,Fits snugly and stays put while I move around. The noise cancellation tunes out the metro and office chatter really well. Connects instantly every time I open the case or switch it on.,True,22,2026-03-01
R-00782,HP-019,Aarav G.,5,Worth every rupee,Fits snugly and stays put while I move around. Bluetooth pairing is quick and the connection stays stable. ANC makes my daily commute so much calmer.,True,39,2026-04-08
R-00783,HP-019,Arjun R.,4,Happy with it,Fits snugly and stays put while I move around. ANC makes my daily commute so much calmer. Battery drains a little faster than the advertised 22 hours.,True,18,2026-07-01
R-00784,HP-019,Aarav B.,5,Absolutely love these,Fits snugly and stays put while I move around. Bluetooth pairing is quick and the connection stays stable. People on calls say my voice comes through clearly.,True,19,2026-02-16
R-00785,HP-019,Lakshmi A.,5,Absolutely love these,Fits snugly and stays put while I move around. The noise cancellation tunes out the metro and office chatter really well. Bluetooth pairing is quick and the connection stays stable.,False,4,2026-08-24
R-00786,HP-019,Swathi G.,5,Best purchase this year,Fits snugly and stays put while I move around. Bluetooth pairing is quick and the connection stays stable. The mic is good enough for daily meetings.,True,4,2026-01-22
R-00787,HP-019,Lakshmi V.,5,Best purchase this year,Fits snugly and stays put while I move around. Bluetooth pairing is quick and the connection stays stable. The noise cancellation tunes out the metro and office chatter really well.,True,34,2025-10-15
R-00788,HP-019,Vikram D.,3,Good but not perfect,Fits snugly and stays put while I move around. Ear tips took a while to fit properly. The companion controls take some getting used to.,True,17,2025-12-15
R-00789,HP-019,Harish J.,4,Solid pick,Fits snugly and stays put while I move around. The noise cancellation tunes out the metro and office chatter really well. Battery drains a little faster than the advertised 22 hours.,True,27,2026-06-30
R-00790,HP-019,Ravi N.,4,Solid pick,Fits snugly and stays put while I move around. Bluetooth pairing is quick and the connection stays stable. Bluetooth dropped once or twice in a crowded area.,False,13,2026-07-19
R-00791,HP-019,Arjun E.,3,"Decent, with caveats",Fits snugly and stays put while I move around. Battery drains a little faster than the advertised 22 hours. The companion controls take some getting used to.,True,28,2026-08-12
R-00792,HP-019,Aarav P.,4,Very good overall,Fits snugly and stays put while I move around. Survives sweaty gym sessions without any trouble. Mic quality drops in noisy places.,True,39,2025-12-19
R-00793,HP-019,Naveen J.,5,Worth every rupee,Fits snugly and stays put while I move around. Survives sweaty gym sessions without any trouble. Connects instantly every time I open the case or switch it on.,True,9,2026-07-05
R-00794,HP-019,Tanvi L.,4,Solid pick,Fits snugly and stays put while I move around. The mic is good enough for daily meetings. Bluetooth dropped once or twice in a crowded area.,True,36,2026-03-28
R-00795,HP-020,Manoj R.,4,Happy with it,Fits snugly and stays put while I move around. Connects instantly every time I open the case or switch it on. Sound is fine but not exceptional for the price.,True,3,2026-08-31
R-00796,HP-020,Manoj S.,5,Best purchase this year,Fits snugly and stays put while I move around. Connects instantly every time I open the case or switch it on. The mic is good enough for daily meetings.,True,1,2026-01-23
R-00797,HP-020,Meera N.,4,Happy with it,Fits snugly and stays put while I move around. People on calls say my voice comes through clearly. Bluetooth dropped once or twice in a crowded area.,True,13,2026-02-07
R-00798,HP-020,Kavya T.,3,Good but not perfect,Fits snugly and stays put while I move around. Mic quality drops in noisy places. Battery drains a little faster than the advertised 14 hours.,True,24,2026-08-17
R-00799,HP-020,Harish S.,3,Good but not perfect,Fits snugly and stays put while I move around. The build feels a little plasticky. Bluetooth dropped once or twice in a crowded area.,False,6,2026-04-30
R-00800,HP-020,Swathi N.,4,Happy with it,Fits snugly and stays put while I move around. Bluetooth pairing is quick and the connection stays stable. Mic quality drops in noisy places.,True,29,2026-08-18
R-00801,HP-020,Imran P.,4,Happy with it,Fits snugly and stays put while I move around. People on calls say my voice comes through clearly. Mic quality drops in noisy places.,False,25,2025-07-15
R-00802,HP-020,Rohan V.,3,"Decent, with caveats",Fits snugly and stays put while I move around. Mic quality drops in noisy places. Ear tips took a while to fit properly.,False,25,2026-04-08
R-00803,HP-020,Varun D.,5,Worth every rupee,Fits snugly and stays put while I move around. The mic is good enough for daily meetings. Connects instantly every time I open the case or switch it on.,True,26,2026-04-25
R-00804,HP-020,Meera S.,5,Absolutely love these,Fits snugly and stays put while I move around. The mic is good enough for daily meetings. Bluetooth pairing is quick and the connection stays stable.,True,21,2025-08-11
R-00805,HP-020,Pooja E.,4,Very good overall,Fits snugly and stays put while I move around. Connects instantly every time I open the case or switch it on. Battery drains a little faster than the advertised 14 hours.,True,36,2026-05-05
R-00806,HP-020,Tanvi L.,4,Very good overall,Fits snugly and stays put while I move around. Connects instantly every time I open the case or switch it on. Mic quality drops in noisy places.,True,23,2026-05-26
R-00807,HP-020,Naveen M.,3,Average for the price,Fits snugly and stays put while I move around. Mic quality drops in noisy places. Bluetooth dropped once or twice in a crowded area.,True,32,2025-07-02
R-00808,HP-020,Nisha T.,3,Average for the price,Fits snugly and stays put while I move around. Wish it had noise cancellation at this price. Ear tips took a while to fit properly.,True,10,2026-03-09
R-00809,HP-020,Siddharth L.,4,Solid pick,Fits snugly and stays put while I move around. Bluetooth pairing is quick and the connection stays stable. Ear tips took a while to fit properly.,True,35,2025-07-21
R-00810,HP-020,Manoj D.,4,Very good overall,Fits snugly and stays put while I move around. People on calls say my voice comes through clearly. Sound is fine but not exceptional for the price.,False,38,2026-02-27
R-00811,HP-020,Deepa K.,4,Happy with it,Fits snugly and stays put while I move around. People on calls say my voice comes through clearly. Wish it had noise cancellation at this price.,True,29,2026-05-09
R-00812,HP-020,Arjun H.,4,Solid pick,Fits snugly and stays put while I move around. Bluetooth pairing is quick and the connection stays stable. Bluetooth dropped once or twice in a crowded area.,True,33,2025-06-02
R-00813,HP-020,Lakshmi R.,4,Very good overall,Fits snugly and stays put while I move around. People on calls say my voice comes through clearly. Wish it had noise cancellation at this price.,False,19,2026-06-29
R-00814,HP-020,Deepa M.,3,"Decent, with caveats",Fits snugly and stays put while I move around. Mic quality drops in noisy places. Ear tips took a while to fit properly.,False,15,2026-01-04
R-00815,HP-020,Karthik H.,5,Worth every rupee,Fits snugly and stays put while I move around. The mic is good enough for daily meetings. Bluetooth pairing is quick and the connection stays stable.,True,20,2025-11-10
R-00816,HP-020,Pooja R.,5,Best purchase this year,Fits snugly and stays put while I move around. The mic is good enough for daily meetings. Connects instantly every time I open the case or switch it on.,True,21,2026-08-31
R-00817,HP-020,Swathi C.,3,Average for the price,Fits snugly and stays put while I move around. Bluetooth dropped once or twice in a crowded area. Battery drains a little faster than the advertised 14 hours.,True,32,2026-08-20
R-00818,HP-020,Ravi G.,4,Very good overall,Fits snugly and stays put while I move around. Bluetooth pairing is quick and the connection stays stable. Sound is fine but not exceptional for the price.,True,35,2026-08-02
R-00819,HP-020,Naveen R.,3,Good but not perfect,Fits snugly and stays put while I move around. Battery drains a little faster than the advertised 14 hours. Ear tips took a while to fit properly.,True,6,2025-08-24
R-00820,HP-020,Varun B.,5,Absolutely love these,Fits snugly and stays put while I move around. The mic is good enough for daily meetings. Connects instantly every time I open the case or switch it on.,True,26,2025-08-02
R-00821,HP-020,Imran B.,4,Happy with it,Fits snugly and stays put while I move around. People on calls say my voice comes through clearly. Mic quality drops in noisy places.,True,12,2026-04-04
R-00822,HP-020,Ishita G.,4,Happy with it,Fits snugly and stays put while I move around. People on calls say my voice comes through clearly. Wish it had noise cancellation at this price.,True,3,2025-07-30
R-00823,HP-020,Sneha K.,3,Average for the price,Fits snugly and stays put while I move around. Mic quality drops in noisy places. The build feels a little plasticky.,True,39,2025-09-03
R-00824,HP-020,Nisha R.,4,Solid pick,Fits snugly and stays put while I move around. Connects instantly every time I open the case or switch it on. Wish it had noise cancellation at this price.,False,31,2025-09-28
R-00825,HP-020,Pooja S.,2,Disappointed,Ear tips took a while to fit properly. Bluetooth dropped once or twice in a crowded area. Expected better for the price.,False,30,2025-07-16
R-00826,HP-020,Imran V.,3,"Decent, with caveats",Fits snugly and stays put while I move around. Bluetooth dropped once or twice in a crowded area. Sound is fine but not exceptional for the price.,False,36,2025-12-15
R-00827,HP-020,Nisha K.,3,Good but not perfect,Fits snugly and stays put while I move around. The companion controls take some getting used to. Mic quality drops in noisy places.,True,33,2026-01-23
R-00828,HP-020,Lakshmi A.,4,Very good overall,Fits snugly and stays put while I move around. Connects instantly every time I open the case or switch it on. The companion controls take some getting used to.,True,18,2026-03-11
R-00829,HP-020,Rahul C.,4,Very good overall,Fits snugly and stays put while I move around. The mic is good enough for daily meetings. Bluetooth dropped once or twice in a crowded area.,True,18,2026-02-17
R-00830,HP-020,Rohan H.,4,Happy with it,Fits snugly and stays put while I move around. Connects instantly every time I open the case or switch it on. Ear tips took a while to fit properly.,True,31,2025-10-19
R-00831,HP-020,Swathi D.,3,Average for the price,Fits snugly and stays put while I move around. The companion controls take some getting used to. Mic quality drops in noisy places.,True,9,2025-06-10
R-00832,HP-020,Karthik T.,3,"Decent, with caveats",Fits snugly and stays put while I move around. The build feels a little plasticky. Ear tips took a while to fit properly.,False,19,2025-10-08
R-00833,HP-020,Aarav E.,4,Very good overall,Fits snugly and stays put while I move around. The mic is good enough for daily meetings. Bluetooth dropped once or twice in a crowded area.,False,2,2026-02-16
R-00834,HP-020,Suresh K.,4,Very good overall,Fits snugly and stays put while I move around. The mic is good enough for daily meetings. Bluetooth dropped once or twice in a crowded area.,True,11,2026-08-16
R-00835,HP-020,Vikram L.,4,Happy with it,Fits snugly and stays put while I move around. Bluetooth pairing is quick and the connection stays stable. Ear tips took a while to fit properly.,True,11,2025-11-29
R-00836,HP-020,Ravi K.,5,Absolutely love these,Fits snugly and stays put while I move around. Connects instantly every time I open the case or switch it on. People on calls say my voice comes through clearly.,True,0,2025-12-19
R-00837,HP-020,Manoj C.,4,Very good overall,Fits snugly and stays put while I move around. People on calls say my voice comes through clearly. Ear tips took a while to fit properly.,True,15,2026-08-14
R-00838,HP-020,Aditi T.,4,Happy with it,Fits snugly and stays put while I move around. The mic is good enough for daily meetings. Bluetooth dropped once or twice in a crowded area.,True,14,2026-03-30
R-00839,HP-020,Swathi J.,3,Good but not perfect,Fits snugly and stays put while I move around. Battery drains a little faster than the advertised 14 hours. Wish it had noise cancellation at this price.,True,11,2025-11-03
R-00840,HP-021,Naveen B.,3,Good but not perfect,Light on-ear fit that is easy to wear all day. Mic quality drops in noisy places. Bluetooth dropped once or twice in a crowded area.,True,9,2026-06-13
R-00841,HP-021,Divya J.,4,Solid pick,Light on-ear fit that is easy to wear all day. A ten minute charge gives hours of playback. Mic quality drops in noisy places.,True,4,2025-07-10
R-00842,HP-021,Harish C.,4,Solid pick,Light on-ear fit that is easy to wear all day. The mic is good enough for daily meetings. Bluetooth dropped once or twice in a crowded area.,False,38,2026-07-26
R-00843,HP-021,Varun J.,5,Best purchase this year,Light on-ear fit that is easy to wear all day. Fast charging has saved me more than once. Folds flat and slips into my bag easily.,True,24,2026-06-11
R-00844,HP-021,Naveen V.,5,Best purchase this year,Light on-ear fit that is easy to wear all day. A ten minute charge gives hours of playback. Connects instantly every time I open the case or switch it on.,True,7,2025-08-20
R-00845,HP-021,Arjun M.,5,Best purchase this year,Light on-ear fit that is easy to wear all day. Fast charging has saved me more than once. The foldable frame is great for travel.,True,9,2025-09-24
R-00846,HP-021,Kavya T.,5,Worth every rupee,Light on-ear fit that is easy to wear all day. A ten minute charge gives hours of playback. People on calls say my voice comes through clearly.,True,17,2026-01-13
R-00847,HP-021,Naveen C.,4,Solid pick,Light on-ear fit that is easy to wear all day. Fast charging has saved me more than once. Wish it had noise cancellation at this price.,True,0,2026-08-09
R-00848,HP-021,Aarav J.,3,Good but not perfect,Light on-ear fit that is easy to wear all day. Bluetooth dropped once or twice in a crowded area. Wish it had noise cancellation at this price.,True,34,2025-12-21
R-00849,HP-021,Imran A.,5,Absolutely love these,Light on-ear fit that is easy to wear all day. A ten minute charge gives hours of playback. Bluetooth pairing is quick and the connection stays stable.,True,33,2026-05-24
R-00850,HP-021,Karthik B.,5,Best purchase this year,Light on-ear fit that is easy to wear all day. The mic is good enough for daily meetings. Bluetooth pairing is quick and the connection stays stable.,False,4,2026-08-17
R-00851,HP-021,Pooja S.,5,Best purchase this year,Light on-ear fit that is easy to wear all day. Connects instantly every time I open the case or switch it on. The foldable frame is great for travel.,True,33,2026-06-17
R-00852,HP-021,Varun K.,2,Not great,The companion controls take some getting used to. Battery drains a little faster than the advertised 40 hours. Expected better for the price.,True,24,2026-07-15
R-00853,HP-021,Kavya P.,5,Absolutely love these,Light on-ear fit that is easy to wear all day. The foldable frame is great for travel. Connects instantly every time I open the case or switch it on.,False,23,2025-06-01
R-00854,HP-021,Rahul E.,4,Very good overall,Light on-ear fit that is easy to wear all day. Connects instantly every time I open the case or switch it on. Wish it had noise cancellation at this price.,True,38,2026-01-09
R-00855,HP-021,Priya A.,4,Solid pick,Light on-ear fit that is easy to wear all day. The foldable frame is great for travel. Mic quality drops in noisy places.,False,34,2025-12-24
R-00856,HP-021,Karthik R.,5,Best purchase this year,Light on-ear fit that is easy to wear all day. Fast charging has saved me more than once. Connects instantly every time I open the case or switch it on.,False,39,2025-09-07
R-00857,HP-021,Meera G.,2,Disappointed,Sound is fine but not exceptional for the price. Bluetooth dropped once or twice in a crowded area. Expected better for the price.,True,25,2025-07-29
R-00858,HP-021,Divya V.,4,Solid pick,Light on-ear fit that is easy to wear all day. The mic is good enough for daily meetings. Battery drains a little faster than the advertised 40 hours.,True,14,2026-03-22
R-00859,HP-021,Sneha P.,3,"Decent, with caveats",Light on-ear fit that is easy to wear all day. Battery drains a little faster than the advertised 40 hours. Bluetooth dropped once or twice in a crowded area.,False,37,2025-12-28
R-00860,HP-021,Imran M.,5,Best purchase this year,Light on-ear fit that is easy to wear all day. People on calls say my voice comes through clearly. The foldable frame is great for travel.,True,17,2026-08-11
R-00861,HP-021,Rohan D.,2,Not great,Wish it had noise cancellation at this price. Battery drains a little faster than the advertised 40 hours. Expected better for the price.,True,5,2026-04-13
R-00862,HP-021,Harish V.,5,Absolutely love these,Light on-ear fit that is easy to wear all day. Folds flat and slips into my bag easily. Connects instantly every time I open the case or switch it on.,True,37,2026-07-09
R-00863,HP-021,Divya M.,5,Best purchase this year,Light on-ear fit that is easy to wear all day. People on calls say my voice comes through clearly. A ten minute charge gives hours of playback.,True,7,2026-07-07
R-00864,HP-021,Meera T.,4,Solid pick,Light on-ear fit that is easy to wear all day. Folds flat and slips into my bag easily. Battery drains a little faster than the advertised 40 hours.,True,15,2026-08-02
R-00865,HP-021,Faisal B.,4,Happy with it,Light on-ear fit that is easy to wear all day. People on calls say my voice comes through clearly. Wish it had noise cancellation at this price.,True,37,2026-01-22
R-00866,HP-021,Imran M.,5,Best purchase this year,Light on-ear fit that is easy to wear all day. Bluetooth pairing is quick and the connection stays stable. The mic is good enough for daily meetings.,True,34,2025-09-18
R-00867,HP-021,Divya H.,3,"Decent, with caveats",Light on-ear fit that is easy to wear all day. Mic quality drops in noisy places. Bluetooth dropped once or twice in a crowded area.,True,30,2026-03-13
R-00868,HP-021,Deepa T.,4,Solid pick,Light on-ear fit that is easy to wear all day. People on calls say my voice comes through clearly. Bluetooth dropped once or twice in a crowded area.,True,12,2025-07-06
R-00869,HP-022,Kavya G.,5,Best purchase this year,The ear cushions stay comfortable through long sessions. Bluetooth pairing is quick and the connection stays stable. A ten minute charge gives hours of playback.,True,21,2026-05-21
R-00870,HP-022,Imran G.,5,Worth every rupee,The ear cushions stay comfortable through long sessions. ANC makes my daily commute so much calmer. Connects instantly every time I open the case or switch it on.,True,38,2026-06-14
R-00871,HP-022,Vikram C.,5,Worth every rupee,The ear cushions stay comfortable through long sessions. Bluetooth pairing is quick and the connection stays stable. Fast charging has saved me more than once.,True,25,2025-06-04
R-00872,HP-022,Ravi T.,4,Happy with it,The ear cushions stay comfortable through long sessions. ANC makes my daily commute so much calmer. Bluetooth dropped once or twice in a crowded area.,True,34,2026-02-18
R-00873,HP-022,Aditi N.,5,Absolutely love these,The ear cushions stay comfortable through long sessions. The foldable frame is great for travel. People on calls say my voice comes through clearly.,False,16,2026-01-04
R-00874,HP-022,Vikram V.,5,Absolutely love these,The ear cushions stay comfortable through long sessions. A ten minute charge gives hours of playback. The mic is good enough for daily meetings.,False,19,2026-02-07
R-00875,HP-022,Priya N.,4,Solid pick,The ear cushions stay comfortable through long sessions. ANC makes my daily commute so much calmer. Bluetooth dropped once or twice in a crowded area.,True,39,2026-07-15
R-00876,HP-022,Aarav D.,5,Worth every rupee,The ear cushions stay comfortable through long sessions. ANC makes my daily commute so much calmer. Folds flat and slips into my bag easily.,True,3,2026-05-15
R-00877,HP-022,Suresh A.,5,Absolutely love these,The ear cushions stay comfortable through long sessions. Connects instantly every time I open the case or switch it on. A ten minute charge gives hours of playback.,True,15,2025-08-03
R-00878,HP-022,Manoj S.,5,Absolutely love these,The ear cushions stay comfortable through long sessions. The noise cancellation tunes out the metro and office chatter really well. People on calls say my voice comes through clearly.,True,18,2026-02-17
R-00879,HP-022,Siddharth E.,3,Average for the price,The ear cushions stay comfortable through long sessions. Battery drains a little faster than the advertised 48 hours. Sound is fine but not exceptional for the price.,True,14,2026-01-10
R-00880,HP-022,Rohan E.,4,Very good overall,The ear cushions stay comfortable through long sessions. Fast charging has saved me more than once. The build feels a little plasticky.,False,38,2026-01-07
R-00881,HP-022,Vikram C.,5,Worth every rupee,The ear cushions stay comfortable through long sessions. People on calls say my voice comes through clearly. Fast charging has saved me more than once.,True,36,2025-12-31
R-00882,HP-022,Naveen J.,2,Not great,Battery drains a little faster than the advertised 48 hours. Mic quality drops in noisy places. Expected better for the price.,False,9,2025-06-17
R-00883,HP-022,Suresh C.,4,Happy with it,The ear cushions stay comfortable through long sessions. ANC makes my daily commute so much calmer. Battery drains a little faster than the advertised 48 hours.,False,22,2025-07-02
R-00884,HP-022,Lakshmi G.,4,Solid pick,The ear cushions stay comfortable through long sessions. The mic is good enough for daily meetings. Bluetooth dropped once or twice in a crowded area.,False,29,2026-07-29
R-00885,HP-022,Naveen S.,4,Solid pick,The ear cushions stay comfortable through long sessions. People on calls say my voice comes through clearly. Mic quality drops in noisy places.,False,34,2025-10-07
R-00886,HP-022,Ishita S.,5,Best purchase this year,The ear cushions stay comfortable through long sessions. A ten minute charge gives hours of playback. People on calls say my voice comes through clearly.,False,26,2026-05-02
R-00887,HP-022,Deepa G.,5,Absolutely love these,The ear cushions stay comfortable through long sessions. The noise cancellation tunes out the metro and office chatter really well. The foldable frame is great for travel.,True,25,2025-06-22
R-00888,HP-022,Aarav M.,5,Best purchase this year,The ear cushions stay comfortable through long sessions. Connects instantly every time I open the case or switch it on. The mic is good enough for daily meetings.,False,5,2026-07-19
R-00889,HP-022,Aarav G.,3,Good but not perfect,The ear cushions stay comfortable through long sessions. Mic quality drops in noisy places. Bluetooth dropped once or twice in a crowded area.,False,38,2026-08-18
R-00890,HP-022,Meera P.,4,Solid pick,The ear cushions stay comfortable through long sessions. The noise cancellation tunes out the metro and office chatter really well. The build feels a little plasticky.,False,6,2025-12-04
R-00891,HP-022,Sneha S.,5,Absolutely love these,The ear cushions stay comfortable through long sessions. ANC makes my daily commute so much calmer. Folds flat and slips into my bag easily.,False,2,2025-09-14
R-00892,HP-022,Swathi C.,5,Worth every rupee,The ear cushions stay comfortable through long sessions. Bluetooth pairing is quick and the connection stays stable. The foldable frame is great for travel.,True,10,2025-11-15
R-00893,HP-022,Shruti N.,3,"Decent, with caveats",The ear cushions stay comfortable through long sessions. Bluetooth dropped once or twice in a crowded area. Mic quality drops in noisy places.,False,27,2026-04-11
R-00894,HP-022,Manoj T.,5,Worth every rupee,The ear cushions stay comfortable through long sessions. A ten minute charge gives hours of playback. Folds flat and slips into my bag easily.,True,34,2025-12-02
R-00895,HP-022,Rohan A.,5,Worth every rupee,The ear cushions stay comfortable through long sessions. Folds flat and slips into my bag easily. A ten minute charge gives hours of playback.,True,33,2025-09-15
R-00896,HP-022,Nisha L.,5,Best purchase this year,The ear cushions stay comfortable through long sessions. Fast charging has saved me more than once. People on calls say my voice comes through clearly.,False,28,2026-01-24
R-00897,HP-022,Nisha H.,4,Very good overall,The ear cushions stay comfortable through long sessions. The noise cancellation tunes out the metro and office chatter really well. Battery drains a little faster than the advertised 48 hours.,True,39,2025-10-14
R-00898,HP-022,Arjun A.,4,Happy with it,The ear cushions stay comfortable through long sessions. A ten minute charge gives hours of playback. Bluetooth dropped once or twice in a crowded area.,True,26,2025-07-08
R-00899,HP-022,Lakshmi D.,5,Worth every rupee,The ear cushions stay comfortable through long sessions. The foldable frame is great for travel. People on calls say my voice comes through clearly.,True,26,2026-05-25
R-00900,HP-022,Arjun B.,5,Worth every rupee,The ear cushions stay comfortable through long sessions. The foldable frame is great for travel. Connects instantly every time I open the case or switch it on.,True,37,2026-03-19
R-00901,HP-022,Aarav R.,3,Average for the price,The ear cushions stay comfortable through long sessions. The companion controls take some getting used to. Battery drains a little faster than the advertised 48 hours.,True,39,2025-06-20
R-00902,HP-022,Siddharth S.,2,Expected more,Bluetooth dropped once or twice in a crowded area. Mic quality drops in noisy places. Expected better for the price.,True,29,2025-10-19
R-00903,HP-022,Deepa J.,5,Absolutely love these,The ear cushions stay comfortable through long sessions. A ten minute charge gives hours of playback. The foldable frame is great for travel.,True,16,2025-09-04
R-00904,HP-022,Faisal S.,4,Happy with it,The ear cushions stay comfortable through long sessions. The mic is good enough for daily meetings. Battery drains a little faster than the advertised 48 hours.,True,2,2025-08-03
R-00905,HP-022,Rahul M.,4,Very good overall,The ear cushions stay comfortable through long sessions. ANC makes my daily commute so much calmer. Mic quality drops in noisy places.,True,14,2025-06-05
R-00906,HP-022,Faisal H.,5,Worth every rupee,The ear cushions stay comfortable through long sessions. The foldable frame is great for travel. A ten minute charge gives hours of playback.,True,36,2025-08-01
R-00907,HP-022,Rohan B.,4,Very good overall,The ear cushions stay comfortable through long sessions. ANC makes my daily commute so much calmer. Bluetooth dropped once or twice in a crowded area.,True,13,2025-11-13
R-00908,HP-022,Rohan S.,5,Absolutely love these,The ear cushions stay comfortable through long sessions. People on calls say my voice comes through clearly. Folds flat and slips into my bag easily.,True,34,2026-07-28
R-00909,HP-022,Meera S.,5,Worth every rupee,The ear cushions stay comfortable through long sessions. People on calls say my voice comes through clearly. A ten minute charge gives hours of playback.,True,1,2025-11-02
R-00910,HP-022,Vikram B.,4,Very good overall,The ear cushions stay comfortable through long sessions. Connects instantly every time I open the case or switch it on. Mic quality drops in noisy places.,True,22,2025-07-14
R-00911,HP-022,Sneha T.,5,Worth every rupee,The ear cushions stay comfortable through long sessions. ANC makes my daily commute so much calmer. Bluetooth pairing is quick and the connection stays stable.,True,39,2026-03-08
R-00912,HP-022,Divya B.,4,Happy with it,The ear cushions stay comfortable through long sessions. People on calls say my voice comes through clearly. Bluetooth dropped once or twice in a crowded area.,False,32,2026-02-05
R-00913,HP-022,Varun B.,5,Absolutely love these,The ear cushions stay comfortable through long sessions. The noise cancellation tunes out the metro and office chatter really well. The foldable frame is great for travel.,True,25,2026-02-17
R-00914,HP-022,Aarav J.,5,Best purchase this year,The ear cushions stay comfortable through long sessions. Fast charging has saved me more than once. The noise cancellation tunes out the metro and office chatter really well.,True,22,2026-08-08
R-00915,HP-022,Meera G.,4,Happy with it,The ear cushions stay comfortable through long sessions. People on calls say my voice comes through clearly. Bluetooth dropped once or twice in a crowded area.,True,0,2025-11-04
R-00916,HP-022,Aditi D.,4,Solid pick,The ear cushions stay comfortable through long sessions. ANC makes my daily commute so much calmer. Mic quality drops in noisy places.,True,16,2026-02-16
R-00917,HP-022,Harish R.,5,Absolutely love these,The ear cushions stay comfortable through long sessions. Connects instantly every time I open the case or switch it on. The mic is good enough for daily meetings.,True,31,2026-03-27
R-00918,HP-022,Manoj C.,5,Best purchase this year,The ear cushions stay comfortable through long sessions. The mic is good enough for daily meetings. ANC makes my daily commute so much calmer.,True,25,2025-12-12
R-00919,HP-022,Nisha B.,4,Very good overall,The ear cushions stay comfortable through long sessions. Folds flat and slips into my bag easily. Battery drains a little faster than the advertised 48 hours.,True,12,2026-01-10
R-00920,HP-022,Faisal T.,5,Best purchase this year,The ear cushions stay comfortable through long sessions. Folds flat and slips into my bag easily. A ten minute charge gives hours of playback.,True,5,2026-04-16
R-00921,HP-022,Pooja T.,4,Very good overall,The ear cushions stay comfortable through long sessions. The mic is good enough for daily meetings. The companion controls take some getting used to.,True,10,2025-12-21
R-00922,HP-023,Sneha N.,4,Very good overall,Fits snugly and stays put while I move around. Survives sweaty gym sessions without any trouble. The companion controls take some getting used to.,True,39,2025-10-03
R-00923,HP-023,Tanvi J.,4,Very good overall,Fits snugly and stays put while I move around. People on calls say my voice comes through clearly. Ear tips took a while to fit properly.,False,6,2025-07-28
R-00924,HP-023,Naveen P.,4,Very good overall,Fits snugly and stays put while I move around. The mic is good enough for daily meetings. Wish it had noise cancellation at this price.,True,0,2025-06-08
R-00925,HP-023,Naveen K.,4,Solid pick,Fits snugly and stays put while I move around. Handled a surprise rain shower on my run just fine. Wish it had noise cancellation at this price.,True,14,2026-04-24
R-00926,HP-023,Varun K.,4,Happy with it,Fits snugly and stays put while I move around. Fast charging has saved me more than once. Bluetooth dropped once or twice in a crowded area.,False,28,2026-04-09
R-00927,HP-023,Ishita H.,5,Worth every rupee,Fits snugly and stays put while I move around. People on calls say my voice comes through clearly. Bluetooth pairing is quick and the connection stays stable.,True,34,2025-07-12
R-00928,HP-023,Siddharth B.,5,Absolutely love these,Fits snugly and stays put while I move around. Handled a surprise rain shower on my run just fine. The mic is good enough for daily meetings.,False,7,2026-06-09
R-00929,HP-023,Karthik R.,3,Good but not perfect,Fits snugly and stays put while I move around. The companion controls take some getting used to. Wish it had noise cancellation at this price.,True,39,2025-12-15
R-00930,HP-023,Arjun T.,5,Absolutely love these,Fits snugly and stays put while I move around. A ten minute charge gives hours of playback. People on calls say my voice comes through clearly.,False,34,2026-05-26
R-00931,HP-023,Nisha C.,5,Absolutely love these,Fits snugly and stays put while I move around. A ten minute charge gives hours of playback. People on calls say my voice comes through clearly.,True,33,2025-10-30
R-00932,HP-023,Aditi C.,5,Absolutely love these,Fits snugly and stays put while I move around. People on calls say my voice comes through clearly. Fast charging has saved me more than once.,True,7,2025-07-13
R-00933,HP-023,Shruti K.,5,Best purchase this year,Fits snugly and stays put while I move around. Fast charging has saved me more than once. Handled a surprise rain shower on my run just fine.,True,37,2025-09-03
R-00934,HP-023,Pooja G.,4,Happy with it,Fits snugly and stays put while I move around. Fast charging has saved me more than once. Wish it had noise cancellation at this price.,True,17,2026-04-09
R-00935,HP-023,Naveen H.,4,Very good overall,Fits snugly and stays put while I move around. Connects instantly every time I open the case or switch it on. Bluetooth dropped once or twice in a crowded area.,True,30,2025-06-19
R-00936,HP-023,Imran E.,5,Worth every rupee,Fits snugly and stays put while I move around. Bluetooth pairing is quick and the connection stays stable. Survives sweaty gym sessions without any trouble.,False,23,2025-12-20
R-00937,HP-023,Shruti B.,5,Best purchase this year,Fits snugly and stays put while I move around. Fast charging has saved me more than once. People on calls say my voice comes through clearly.,False,35,2026-04-30
R-00938,HP-023,Ananya T.,4,Solid pick,Fits snugly and stays put while I move around. People on calls say my voice comes through clearly. Ear tips took a while to fit properly.,True,30,2025-11-11
R-00939,HP-023,Ishita B.,5,Best purchase this year,Fits snugly and stays put while I move around. The mic is good enough for daily meetings. Handled a surprise rain shower on my run just fine.,True,32,2025-06-04
R-00940,HP-023,Nisha N.,3,"Decent, with caveats",Fits snugly and stays put while I move around. Sound is fine but not exceptional for the price. Battery drains a little faster than the advertised 16 hours.,True,7,2026-05-16
R-00941,HP-023,Faisal M.,5,Best purchase this year,Fits snugly and stays put while I move around. People on calls say my voice comes through clearly. Fast charging has saved me more than once.,True,12,2026-03-03
R-00942,HP-023,Suresh S.,4,Solid pick,Fits snugly and stays put while I move around. A ten minute charge gives hours of playback. Sound is fine but not exceptional for the price.,True,16,2026-04-25
R-00943,HP-023,Suresh S.,4,Happy with it,Fits snugly and stays put while I move around. People on calls say my voice comes through clearly. Sound is fine but not exceptional for the price.,False,39,2025-12-03
R-00944,HP-023,Naveen E.,4,Happy with it,Fits snugly and stays put while I move around. Handled a surprise rain shower on my run just fine. Bluetooth dropped once or twice in a crowded area.,True,8,2025-08-17
R-00945,HP-023,Lakshmi T.,4,Solid pick,Fits snugly and stays put while I move around. The mic is good enough for daily meetings. Battery drains a little faster than the advertised 16 hours.,False,18,2025-09-24
R-00946,HP-023,Suresh G.,5,Absolutely love these,Fits snugly and stays put while I move around. People on calls say my voice comes through clearly. Fast charging has saved me more than once.,True,21,2025-11-14
R-00947,HP-023,Imran V.,4,Solid pick,Fits snugly and stays put while I move around. Bluetooth pairing is quick and the connection stays stable. Sound is fine but not exceptional for the price.,True,27,2025-07-08
R-00948,HP-023,Sneha D.,5,Best purchase this year,Fits snugly and stays put while I move around. The mic is good enough for daily meetings. Handled a surprise rain shower on my run just fine.,True,11,2026-02-18
R-00949,HP-023,Divya C.,3,Average for the price,Fits snugly and stays put while I move around. Wish it had noise cancellation at this price. Ear tips took a while to fit properly.,True,35,2026-06-24
R-00950,HP-023,Manoj D.,4,Happy with it,Fits snugly and stays put while I move around. Handled a surprise rain shower on my run just fine. Ear tips took a while to fit properly.,False,26,2026-07-20
R-00951,HP-023,Ravi N.,3,Good but not perfect,Fits snugly and stays put while I move around. Battery drains a little faster than the advertised 16 hours. Ear tips took a while to fit properly.,False,33,2025-06-07
R-00952,HP-023,Vikram K.,4,Solid pick,Fits snugly and stays put while I move around. The mic is good enough for daily meetings. Battery drains a little faster than the advertised 16 hours.,True,18,2026-05-13
R-00953,HP-023,Varun J.,4,Solid pick,Fits snugly and stays put while I move around. Connects instantly every time I open the case or switch it on. Battery drains a little faster than the advertised 16 hours.,True,34,2026-07-02
R-00954,HP-023,Ishita K.,4,Very good overall,Fits snugly and stays put while I move around. Fast charging has saved me more than once. Bluetooth dropped once or twice in a crowded area.,False,26,2026-06-29
R-00955,HP-023,Tanvi D.,4,Very good overall,Fits snugly and stays put while I move around. Connects instantly every time I open the case or switch it on. Bluetooth dropped once or twice in a crowded area.,False,16,2025-11-01
R-00956,HP-023,Divya V.,4,Solid pick,Fits snugly and stays put while I move around. Handled a surprise rain shower on my run just fine. The companion controls take some getting used to.,True,15,2026-02-28
R-00957,HP-023,Aarav J.,4,Happy with it,Fits snugly and stays put while I move around. Fast charging has saved me more than once. Battery drains a little faster than the advertised 16 hours.,False,33,2025-10-23
R-00958,HP-023,Rohan G.,5,Absolutely love these,Fits snugly and stays put while I move around. A ten minute charge gives hours of playback. People on calls say my voice comes through clearly.,False,31,2026-02-14
R-00959,HP-023,Deepa B.,3,Average for the price,Fits snugly and stays put while I move around. Battery drains a little faster than the advertised 16 hours. Mic quality drops in noisy places.,True,40,2025-07-15
R-00960,HP-024,Manoj E.,4,Solid pick,Fits snugly and stays put while I move around. Multipoint pairing means I never re-pair anything. Ear tips took a while to fit properly.,True,13,2026-04-15
R-00961,HP-024,Naveen N.,5,Worth every rupee,Fits snugly and stays put while I move around. Fast charging has saved me more than once. Switching between my laptop and phone is seamless.,False,7,2026-08-26
R-00962,HP-024,Kavya C.,5,Worth every rupee,Fits snugly and stays put while I move around. People on calls say my voice comes through clearly. Bluetooth pairing is quick and the connection stays stable.,False,33,2025-08-08
R-00963,HP-024,Deepa B.,3,"Decent, with caveats",Fits snugly and stays put while I move around. Battery drains a little faster than the advertised 20 hours. The companion controls take some getting used to.,True,19,2026-05-11
R-00964,HP-024,Varun M.,4,Solid pick,Fits snugly and stays put while I move around. Survives sweaty gym sessions without any trouble. Mic quality drops in noisy places.,False,12,2026-03-29
R-00965,HP-024,Lakshmi E.,4,Happy with it,Fits snugly and stays put while I move around. Connects instantly every time I open the case or switch it on. Mic quality drops in noisy places.,True,40,2025-06-21
R-00966,HP-024,Imran L.,4,Very good overall,Fits snugly and stays put while I move around. Connects instantly every time I open the case or switch it on. Battery drains a little faster than the advertised 20 hours.,False,31,2025-12-15
R-00967,HP-024,Harish J.,4,Solid pick,Fits snugly and stays put while I move around. Handled a surprise rain shower on my run just fine. Battery drains a little faster than the advertised 20 hours.,True,7,2025-07-11
R-00968,HP-024,Nisha R.,5,Absolutely love these,Fits snugly and stays put while I move around. Handled a surprise rain shower on my run just fine. Multipoint pairing means I never re-pair anything.,True,11,2025-09-13
R-00969,HP-024,Faisal B.,4,Very good overall,Fits snugly and stays put while I move around. A ten minute charge gives hours of playback. Mic quality drops in noisy places.,True,30,2025-08-24
R-00970,HP-024,Varun B.,4,Very good overall,Fits snugly and stays put while I move around. Multipoint pairing means I never re-pair anything. Wish it had noise cancellation at this price.,True,4,2026-08-27
R-00971,HP-024,Ananya G.,5,Worth every rupee,Fits snugly and stays put while I move around. People on calls say my voice comes through clearly. Bluetooth pairing is quick and the connection stays stable.,True,12,2025-07-03
R-00972,HP-024,Priya H.,5,Absolutely love these,Fits snugly and stays put while I move around. Handled a surprise rain shower on my run just fine. People on calls say my voice comes through clearly.,True,38,2025-06-17
R-00973,HP-024,Rahul K.,5,Worth every rupee,Fits snugly and stays put while I move around. Multipoint pairing means I never re-pair anything. Survives sweaty gym sessions without any trouble.,True,8,2025-12-20
R-00974,HP-024,Priya L.,4,Happy with it,Fits snugly and stays put while I move around. People on calls say my voice comes through clearly. Ear tips took a while to fit properly.,True,31,2025-09-11
R-00975,HP-024,Varun K.,4,Happy with it,Fits snugly and stays put while I move around. People on calls say my voice comes through clearly. Battery drains a little faster than the advertised 20 hours.,True,20,2026-02-02
R-00976,HP-024,Nisha L.,5,Absolutely love these,Fits snugly and stays put while I move around. A ten minute charge gives hours of playback. Survives sweaty gym sessions without any trouble.,True,27,2026-06-04
R-00977,HP-024,Suresh S.,3,"Decent, with caveats",Fits snugly and stays put while I move around. Wish it had noise cancellation at this price. Mic quality drops in noisy places.,False,11,2026-01-30
R-00978,HP-025,Ishita S.,3,Good but not perfect,Fits snugly and stays put while I move around. Sound is fine but not exceptional for the price. Ear tips took a while to fit properly.,True,39,2026-03-27
R-00979,HP-025,Meera P.,2,Expected more,The build feels a little plasticky. Ear tips took a while to fit properly. Expected better for the price.,False,9,2026-06-03
R-00980,HP-025,Arjun D.,4,Happy with it,Fits snugly and stays put while I move around. The mic is good enough for daily meetings. Ear tips took a while to fit properly.,True,12,2025-11-24
R-00981,HP-025,Ravi L.,4,Happy with it,Fits snugly and stays put while I move around. People on calls say my voice comes through clearly. The build feels a little plasticky.,True,4,2025-10-13
R-00982,HP-025,Ishita E.,3,"Decent, with caveats",Fits snugly and stays put while I move around. Ear tips took a while to fit properly. Wish it had noise cancellation at this price.,True,23,2025-11-16
R-00983,HP-025,Shruti T.,4,Happy with it,Fits snugly and stays put while I move around. The mic is good enough for daily meetings. The companion controls take some getting used to.,False,9,2026-05-29
R-00984,HP-025,Deepa A.,5,Best purchase this year,Fits snugly and stays put while I move around. The mic is good enough for daily meetings. Wired connection means no charging and zero lag.,True,15,2026-05-27
R-00985,HP-025,Harish B.,3,Good but not perfect,Fits snugly and stays put while I move around. Mic quality drops in noisy places. The companion controls take some getting used to.,False,12,2026-06-07
R-00986,HP-025,Shruti A.,3,"Decent, with caveats",Fits snugly and stays put while I move around. Wish it had noise cancellation at this price. Ear tips took a while to fit properly.,False,11,2025-10-18
R-00987,HP-025,Meera B.,3,Good but not perfect,Fits snugly and stays put while I move around. Wish it had noise cancellation at this price. The companion controls take some getting used to.,True,38,2025-11-10
R-00988,HP-025,Naveen S.,3,Average for the price,Fits snugly and stays put while I move around. Wish it had noise cancellation at this price. Sound is fine but not exceptional for the price.,True,40,2026-01-05
R-00989,HP-025,Ishita E.,4,Very good overall,Fits snugly and stays put while I move around. People on calls say my voice comes through clearly. The build feels a little plasticky.,True,14,2026-01-17
R-00990,HP-025,Deepa H.,3,"Decent, with caveats",Fits snugly and stays put while I move around. Ear tips took a while to fit properly. Mic quality drops in noisy places.,False,35,2025-08-04
R-00991,HP-025,Faisal E.,5,Best purchase this year,Fits snugly and stays put while I move around. People on calls say my voice comes through clearly. Wired connection means no charging and zero lag.,True,12,2026-07-06
R-00992,HP-025,Deepa M.,5,Worth every rupee,Fits snugly and stays put while I move around. The mic is good enough for daily meetings. Wired connection means no charging and zero lag.,True,31,2026-02-16
R-00993,HP-025,Varun S.,3,Good but not perfect,Fits snugly and stays put while I move around. The build feels a little plasticky. Ear tips took a while to fit properly.,True,35,2026-01-03
R-00994,HP-025,Ananya V.,4,Solid pick,Fits snugly and stays put while I move around. People on calls say my voice comes through clearly. Wish it had noise cancellation at this price.,True,39,2026-02-20
R-00995,HP-025,Rohan A.,4,Solid pick,Fits snugly and stays put while I move around. People on calls say my voice comes through clearly. The build feels a little plasticky.,True,21,2026-03-23
R-00996,HP-025,Rohan P.,3,Good but not perfect,Fits snugly and stays put while I move around. The build feels a little plasticky. Ear tips took a while to fit properly.,True,15,2025-11-27
R-00997,HP-026,Deepa E.,5,Absolutely love these,The ear cushions stay comfortable through long sessions. The foldable frame is great for travel. Connects instantly every time I open the case or switch it on.,True,15,2025-10-21
R-00998,HP-026,Deepa V.,3,Average for the price,The ear cushions stay comfortable through long sessions. Mic quality drops in noisy places. Wish it had noise cancellation at this price.,True,6,2026-06-12
R-00999,HP-026,Manoj M.,3,Good but not perfect,The ear cushions stay comfortable through long sessions. Bluetooth dropped once or twice in a crowded area. Wish it had noise cancellation at this price.,True,1,2026-06-01
R-01000,HP-026,Manoj S.,5,Absolutely love these,The ear cushions stay comfortable through long sessions. The foldable frame is great for travel. Fast charging has saved me more than once.,True,1,2026-06-01
R-01001,HP-026,Tanvi E.,5,Absolutely love these,The ear cushions stay comfortable through long sessions. The mic is good enough for daily meetings. Fast charging has saved me more than once.,True,22,2026-06-16
R-01002,HP-026,Siddharth H.,5,Best purchase this year,The ear cushions stay comfortable through long sessions. People on calls say my voice comes through clearly. A ten minute charge gives hours of playback.,True,21,2026-08-10
R-01003,HP-026,Aditi E.,5,Absolutely love these,The ear cushions stay comfortable through long sessions. The mic is good enough for daily meetings. Bluetooth pairing is quick and the connection stays stable.,True,12,2025-06-11
R-01004,HP-026,Priya T.,4,Solid pick,The ear cushions stay comfortable through long sessions. The mic is good enough for daily meetings. Bluetooth dropped once or twice in a crowded area.,True,12,2025-06-25
R-01005,HP-026,Swathi V.,5,Absolutely love these,The ear cushions stay comfortable through long sessions. Bluetooth pairing is quick and the connection stays stable. A ten minute charge gives hours of playback.,True,10,2026-03-20
R-01006,HP-026,Arjun G.,4,Solid pick,The ear cushions stay comfortable through long sessions. The foldable frame is great for travel. The build feels a little plasticky.,True,19,2026-06-05
R-01007,HP-026,Lakshmi E.,5,Worth every rupee,The ear cushions stay comfortable through long sessions. Bluetooth pairing is quick and the connection stays stable. The foldable frame is great for travel.,True,26,2026-05-17
R-01008,HP-026,Manoj N.,4,Solid pick,The ear cushions stay comfortable through long sessions. The mic is good enough for daily meetings. Wish it had noise cancellation at this price.,True,24,2026-08-29
R-01009,HP-026,Swathi R.,5,Worth every rupee,The ear cushions stay comfortable through long sessions. Fast charging has saved me more than once. The mic is good enough for daily meetings.,False,18,2026-02-24
R-01010,HP-026,Nisha R.,4,Solid pick,The ear cushions stay comfortable through long sessions. Fast charging has saved me more than once. The build feels a little plasticky.,True,9,2026-02-02
R-01011,HP-026,Tanvi G.,4,Solid pick,The ear cushions stay comfortable through long sessions. People on calls say my voice comes through clearly. Battery drains a little faster than the advertised 36 hours.,True,2,2025-06-14
R-01012,HP-026,Suresh L.,5,Absolutely love these,The ear cushions stay comfortable through long sessions. Bluetooth pairing is quick and the connection stays stable. Fast charging has saved me more than once.,True,4,2025-06-01
R-01013,HP-026,Pooja J.,4,Happy with it,The ear cushions stay comfortable through long sessions. The mic is good enough for daily meetings. Battery drains a little faster than the advertised 36 hours.,True,0,2026-07-04
R-01014,HP-026,Vikram V.,5,Best purchase this year,The ear cushions stay comfortable through long sessions. A ten minute charge gives hours of playback. The foldable frame is great for travel.,True,31,2025-11-15
R-01015,HP-026,Arjun E.,5,Worth every rupee,The ear cushions stay comfortable through long sessions. The foldable frame is great for travel. People on calls say my voice comes through clearly.,False,3,2025-12-14
R-01016,HP-026,Manoj L.,5,Worth every rupee,The ear cushions stay comfortable through long sessions. Fast charging has saved me more than once. The mic is good enough for daily meetings.,True,0,2026-02-07
R-01017,HP-026,Shruti K.,4,Happy with it,The ear cushions stay comfortable through long sessions. Connects instantly every time I open the case or switch it on. Wish it had noise cancellation at this price.,False,20,2026-08-27
R-01018,HP-026,Siddharth H.,4,Very good overall,The ear cushions stay comfortable through long sessions. The foldable frame is great for travel. Sound is fine but not exceptional for the price.,True,30,2026-08-18
R-01019,HP-026,Lakshmi B.,5,Worth every rupee,The ear cushions stay comfortable through long sessions. The mic is good enough for daily meetings. A ten minute charge gives hours of playback.,True,32,2026-04-08
R-01020,HP-026,Ravi T.,4,Very good overall,The ear cushions stay comfortable through long sessions. Connects instantly every time I open the case or switch it on. Mic quality drops in noisy places.,True,9,2026-08-05
R-01021,HP-026,Lakshmi H.,5,Best purchase this year,The ear cushions stay comfortable through long sessions. Fast charging has saved me more than once. People on calls say my voice comes through clearly.,True,9,2026-06-23
R-01022,HP-026,Imran K.,5,Worth every rupee,The ear cushions stay comfortable through long sessions. Fast charging has saved me more than once. Bluetooth pairing is quick and the connection stays stable.,True,32,2025-07-31
R-01023,HP-026,Rohan P.,4,Very good overall,The ear cushions stay comfortable through long sessions. Folds flat and slips into my bag easily. Wish it had noise cancellation at this price.,True,0,2026-06-02
R-01024,HP-026,Ananya H.,5,Absolutely love these,The ear cushions stay comfortable through long sessions. A ten minute charge gives hours of playback. Connects instantly every time I open the case or switch it on.,True,7,2026-03-07
R-01025,HP-026,Shruti P.,4,Happy with it,The ear cushions stay comfortable through long sessions. A ten minute charge gives hours of playback. Battery drains a little faster than the advertised 36 hours.,False,18,2026-07-28
R-01026,HP-026,Varun B.,4,Very good overall,The ear cushions stay comfortable through long sessions. Connects instantly every time I open the case or switch it on. Wish it had noise cancellation at this price.,True,40,2025-09-11
R-01027,HP-026,Ananya E.,4,Happy with it,The ear cushions stay comfortable through long sessions. Folds flat and slips into my bag easily. Bluetooth dropped once or twice in a crowded area.,True,13,2025-12-10
R-01028,HP-026,Suresh G.,4,Solid pick,The ear cushions stay comfortable through long sessions. Connects instantly every time I open the case or switch it on. Sound is fine but not exceptional for the price.,True,20,2026-02-12
R-01029,HP-026,Sneha E.,4,Solid pick,The ear cushions stay comfortable through long sessions. A ten minute charge gives hours of playback. Bluetooth dropped once or twice in a crowded area.,True,37,2026-05-22
R-01030,HP-026,Sneha B.,5,Worth every rupee,The ear cushions stay comfortable through long sessions. Connects instantly every time I open the case or switch it on. Folds flat and slips into my bag easily.,True,31,2025-09-12
R-01031,HP-026,Divya E.,3,Average for the price,The ear cushions stay comfortable through long sessions. Bluetooth dropped once or twice in a crowded area. Sound is fine but not exceptional for the price.,True,14,2026-07-30
R-01032,HP-026,Aditi D.,4,Solid pick,The ear cushions stay comfortable through long sessions. Folds flat and slips into my bag easily. Mic quality drops in noisy places.,False,22,2026-05-15
R-01033,HP-026,Pooja H.,5,Worth every rupee,The ear cushions stay comfortable through long sessions. Folds flat and slips into my bag easily. People on calls say my voice comes through clearly.,True,24,2025-12-10
R-01034,HP-026,Karthik V.,4,Solid pick,The ear cushions stay comfortable through long sessions. People on calls say my voice comes through clearly. Wish it had noise cancellation at this price.,True,1,2025-09-04
R-01035,HP-026,Rohan V.,5,Absolutely love these,The ear cushions stay comfortable through long sessions. Bluetooth pairing is quick and the connection stays stable. A ten minute charge gives hours of playback.,True,38,2026-02-26
R-01036,HP-026,Naveen R.,3,Average for the price,The ear cushions stay comfortable through long sessions. The companion controls take some getting used to. Bluetooth dropped once or twice in a crowded area.,True,11,2025-07-02
R-01037,HP-026,Ravi N.,4,Very good overall,The ear cushions stay comfortable through long sessions. The mic is good enough for daily meetings. The companion controls take some getting used to.,True,11,2026-05-28
R-01038,HP-026,Tanvi C.,3,Good but not perfect,The ear cushions stay comfortable through long sessions. Wish it had noise cancellation at this price. Battery drains a little faster than the advertised 36 hours.,True,14,2026-01-06
R-01039,HP-026,Nisha L.,4,Solid pick,The ear cushions stay comfortable through long sessions. Fast charging has saved me more than once. Sound is fine but not exceptional for the price.,True,32,2025-07-21
R-01040,HP-026,Vikram M.,5,Worth every rupee,The ear cushions stay comfortable through long sessions. The mic is good enough for daily meetings. A ten minute charge gives hours of playback.,True,0,2026-04-18
R-01041,HP-026,Aarav E.,4,Happy with it,The ear cushions stay comfortable through long sessions. A ten minute charge gives hours of playback. Wish it had noise cancellation at this price.,False,40,2025-12-25
R-01042,HP-026,Rahul M.,5,Worth every rupee,The ear cushions stay comfortable through long sessions. Bluetooth pairing is quick and the connection stays stable. The foldable frame is great for travel.,True,22,2026-05-29
R-01043,HP-026,Tanvi K.,4,Very good overall,The ear cushions stay comfortable through long sessions. People on calls say my voice comes through clearly. Bluetooth dropped once or twice in a crowded area.,True,12,2026-02-11
R-01044,HP-026,Ananya P.,3,"Decent, with caveats",The ear cushions stay comfortable through long sessions. Sound is fine but not exceptional for the price. Battery drains a little faster than the advertised 36 hours.,True,12,2025-08-24
R-01045,HP-026,Aditi H.,5,Worth every rupee,The ear cushions stay comfortable through long sessions. A ten minute charge gives hours of playback. Folds flat and slips into my bag easily.,True,14,2025-10-03
R-01046,HP-026,Ishita C.,3,Average for the price,The ear cushions stay comfortable through long sessions. The companion controls take some getting used to. Battery drains a little faster than the advertised 36 hours.,True,1,2026-05-03
R-01047,HP-026,Divya R.,4,Solid pick,The ear cushions stay comfortable through long sessions. Fast charging has saved me more than once. Battery drains a little faster than the advertised 36 hours.,True,6,2026-05-09
R-01048,HP-027,Meera P.,5,Absolutely love these,The ear cushions stay comfortable through long sessions. The mic is good enough for daily meetings. Folds flat and slips into my bag easily.,True,12,2025-08-31
R-01049,HP-027,Swathi T.,5,Worth every rupee,The ear cushions stay comfortable through long sessions. The noise cancellation tunes out the metro and office chatter really well. Folds flat and slips into my bag easily.,False,12,2026-08-25
R-01050,HP-027,Nisha M.,5,Worth every rupee,The ear cushions stay comfortable through long sessions. Switching between my laptop and phone is seamless. People on calls say my voice comes through clearly.,True,4,2025-08-15
R-01051,HP-027,Priya M.,5,Absolutely love these,The ear cushions stay comfortable through long sessions. Connects instantly every time I open the case or switch it on. The mic is good enough for daily meetings.,True,8,2026-06-19
R-01052,HP-027,Vikram R.,5,Best purchase this year,The ear cushions stay comfortable through long sessions. People on calls say my voice comes through clearly. Connects instantly every time I open the case or switch it on.,True,1,2025-09-28
R-01053,HP-027,Ishita E.,5,Worth every rupee,The ear cushions stay comfortable through long sessions. Connects instantly every time I open the case or switch it on. The mic is good enough for daily meetings.,False,35,2025-10-25
R-01054,HP-027,Rahul N.,4,Very good overall,The ear cushions stay comfortable through long sessions. Connects instantly every time I open the case or switch it on. The companion controls take some getting used to.,True,24,2026-02-22
R-01055,HP-027,Manoj D.,4,Happy with it,The ear cushions stay comfortable through long sessions. A ten minute charge gives hours of playback. Battery drains a little faster than the advertised 44 hours.,True,23,2025-10-14
R-01056,HP-027,Faisal R.,5,Best purchase this year,The ear cushions stay comfortable through long sessions. Folds flat and slips into my bag easily. ANC makes my daily commute so much calmer.,False,26,2025-07-17
R-01057,HP-027,Meera D.,5,Absolutely love these,The ear cushions stay comfortable through long sessions. The noise cancellation tunes out the metro and office chatter really well. People on calls say my voice comes through clearly.,True,21,2026-03-19
R-01058,HP-027,Ishita T.,5,Absolutely love these,The ear cushions stay comfortable through long sessions. Fast charging has saved me more than once. ANC makes my daily commute so much calmer.,True,25,2026-05-07
R-01059,HP-027,Siddharth V.,5,Absolutely love these,The ear cushions stay comfortable through long sessions. Switching between my laptop and phone is seamless. The foldable frame is great for travel.,False,2,2025-09-19
R-01060,HP-027,Manoj B.,4,Happy with it,The ear cushions stay comfortable through long sessions. A ten minute charge gives hours of playback. Bluetooth dropped once or twice in a crowded area.,True,35,2026-06-27
R-01061,HP-027,Imran D.,5,Best purchase this year,The ear cushions stay comfortable through long sessions. The mic is good enough for daily meetings. Multipoint pairing means I never re-pair anything.,True,0,2025-10-23
R-01062,HP-027,Ravi D.,5,Absolutely love these,The ear cushions stay comfortable through long sessions. Bluetooth pairing is quick and the connection stays stable. Multipoint pairing means I never re-pair anything.,False,9,2026-05-01
R-01063,HP-027,Divya A.,4,Very good overall,The ear cushions stay comfortable through long sessions. A ten minute charge gives hours of playback. Bluetooth dropped once or twice in a crowded area.,True,23,2026-06-06
R-01064,HP-027,Imran A.,4,Solid pick,The ear cushions stay comfortable through long sessions. Multipoint pairing means I never re-pair anything. The build feels a little plasticky.,True,7,2026-01-08
R-01065,HP-027,Aditi V.,5,Worth every rupee,The ear cushions stay comfortable through long sessions. Connects instantly every time I open the case or switch it on. ANC makes my daily commute so much calmer.,True,7,2025-08-27
R-01066,HP-027,Ishita M.,4,Solid pick,The ear cushions stay comfortable through long sessions. The foldable frame is great for travel. Bluetooth dropped once or twice in a crowded area.,True,11,2025-08-04
R-01067,HP-027,Lakshmi K.,5,Worth every rupee,The ear cushions stay comfortable through long sessions. Connects instantly every time I open the case or switch it on. ANC makes my daily commute so much calmer.,True,32,2026-08-16
R-01068,HP-027,Shruti E.,4,Happy with it,The ear cushions stay comfortable through long sessions. Fast charging has saved me more than once. Bluetooth dropped once or twice in a crowded area.,True,10,2026-02-23
R-01069,HP-027,Manoj S.,3,Average for the price,The ear cushions stay comfortable through long sessions. The build feels a little plasticky. Mic quality drops in noisy places.,True,24,2026-08-18
R-01070,HP-027,Aditi L.,5,Worth every rupee,The ear cushions stay comfortable through long sessions. Bluetooth pairing is quick and the connection stays stable. ANC makes my daily commute so much calmer.,True,29,2025-12-21
R-01071,HP-027,Suresh B.,5,Worth every rupee,The ear cushions stay comfortable through long sessions. Fast charging has saved me more than once. The noise cancellation tunes out the metro and office chatter really well.,True,37,2025-11-21
R-01072,HP-027,Pooja T.,4,Very good overall,The ear cushions stay comfortable through long sessions. The noise cancellation tunes out the metro and office chatter really well. Sound is fine but not exceptional for the price.,True,32,2026-06-18
R-01073,HP-027,Harish J.,5,Best purchase this year,The ear cushions stay comfortable through long sessions. Folds flat and slips into my bag easily. The mic is good enough for daily meetings.,False,36,2025-08-12
R-01074,HP-027,Meera P.,4,Solid pick,The ear cushions stay comfortable through long sessions. The foldable frame is great for travel. Bluetooth dropped once or twice in a crowded area.,True,10,2026-05-15
R-01075,HP-027,Sneha M.,5,Best purchase this year,The ear cushions stay comfortable through long sessions. ANC makes my daily commute so much calmer. A ten minute charge gives hours of playback.,True,40,2025-06-30
R-01076,HP-027,Manoj D.,3,Average for the price,The ear cushions stay comfortable through long sessions. The companion controls take some getting used to. Bluetooth dropped once or twice in a crowded area.,True,24,2026-02-19
R-01077,HP-027,Tanvi J.,5,Worth every rupee,The ear cushions stay comfortable through long sessions. The foldable frame is great for travel. Fast charging has saved me more than once.,True,18,2026-03-06
R-01078,HP-027,Rahul S.,3,Average for the price,The ear cushions stay comfortable through long sessions. Mic quality drops in noisy places. The build feels a little plasticky.,True,12,2026-06-05
R-01079,HP-027,Sneha H.,4,Solid pick,The ear cushions stay comfortable through long sessions. Bluetooth pairing is quick and the connection stays stable. Mic quality drops in noisy places.,True,17,2025-08-21
R-01080,HP-027,Meera G.,5,Best purchase this year,The ear cushions stay comfortable through long sessions. Bluetooth pairing is quick and the connection stays stable. The noise cancellation tunes out the metro and office chatter really well.,True,36,2025-09-27
R-01081,HP-027,Ishita V.,4,Solid pick,The ear cushions stay comfortable through long sessions. The noise cancellation tunes out the metro and office chatter really well. Battery drains a little faster than the advertised 44 hours.,True,38,2026-07-14
R-01082,HP-027,Kavya L.,5,Worth every rupee,The ear cushions stay comfortable through long sessions. A ten minute charge gives hours of playback. Bluetooth pairing is quick and the connection stays stable.,False,17,2025-08-30
R-01083,HP-027,Karthik C.,5,Absolutely love these,The ear cushions stay comfortable through long sessions. The noise cancellation tunes out the metro and office chatter really well. Multipoint pairing means I never re-pair anything.,True,34,2025-11-11
R-01084,HP-027,Manoj C.,5,Best purchase this year,The ear cushions stay comfortable through long sessions. The foldable frame is great for travel. Multipoint pairing means I never re-pair anything.,False,14,2026-08-23
R-01085,HP-027,Sneha G.,5,Worth every rupee,The ear cushions stay comfortable through long sessions. Bluetooth pairing is quick and the connection stays stable. Folds flat and slips into my bag easily.,True,39,2026-08-14
R-01086,HP-027,Ananya S.,4,Happy with it,The ear cushions stay comfortable through long sessions. Bluetooth pairing is quick and the connection stays stable. The build feels a little plasticky.,True,28,2025-08-06
R-01087,HP-027,Suresh H.,4,Happy with it,The ear cushions stay comfortable through long sessions. Folds flat and slips into my bag easily. The companion controls take some getting used to.,True,37,2026-01-14
R-01088,HP-027,Karthik N.,5,Best purchase this year,The ear cushions stay comfortable through long sessions. The noise cancellation tunes out the metro and office chatter really well. A ten minute charge gives hours of playback.,False,31,2025-10-05
R-01089,HP-027,Lakshmi L.,5,Absolutely love these,The ear cushions stay comfortable through long sessions. Folds flat and slips into my bag easily. The mic is good enough for daily meetings.,True,6,2026-05-30
R-01090,HP-027,Aarav B.,5,Best purchase this year,The ear cushions stay comfortable through long sessions. Switching between my laptop and phone is seamless. Connects instantly every time I open the case or switch it on.,True,0,2025-08-28
R-01091,HP-027,Ananya A.,4,Solid pick,The ear cushions stay comfortable through long sessions. Folds flat and slips into my bag easily. Battery drains a little faster than the advertised 44 hours.,True,11,2025-08-19
R-01092,HP-027,Pooja L.,5,Best purchase this year,The ear cushions stay comfortable through long sessions. People on calls say my voice comes through clearly. The noise cancellation tunes out the metro and office chatter really well.,True,39,2025-11-09
R-01093,HP-027,Shruti J.,3,Good but not perfect,The ear cushions stay comfortable through long sessions. Mic quality drops in noisy places. Sound is fine but not exceptional for the price.,False,32,2026-04-04
R-01094,HP-027,Varun M.,4,Very good overall,The ear cushions stay comfortable through long sessions. Connects instantly every time I open the case or switch it on. Bluetooth dropped once or twice in a crowded area.,True,29,2026-02-19
R-01095,HP-027,Manoj J.,5,Worth every rupee,The ear cushions stay comfortable through long sessions. The noise cancellation tunes out the metro and office chatter really well. People on calls say my voice comes through clearly.,False,37,2026-07-03
R-01096,HP-027,Imran M.,3,"Decent, with caveats",The ear cushions stay comfortable through long sessions. Bluetooth dropped once or twice in a crowded area. The companion controls take some getting used to.,False,14,2026-05-30
R-01097,HP-027,Vikram M.,5,Best purchase this year,The ear cushions stay comfortable through long sessions. People on calls say my voice comes through clearly. ANC makes my daily commute so much calmer.,False,12,2025-10-01
R-01098,HP-027,Divya B.,5,Best purchase this year,The ear cushions stay comfortable through long sessions. Switching between my laptop and phone is seamless. The foldable frame is great for travel.,True,35,2025-11-18
R-01099,HP-027,Deepa T.,3,Good but not perfect,The ear cushions stay comfortable through long sessions. Bluetooth dropped once or twice in a crowded area. Battery drains a little faster than the advertised 44 hours.,True,32,2026-04-01
R-01100,HP-027,Sneha J.,5,Best purchase this year,The ear cushions stay comfortable through long sessions. Folds flat and slips into my bag easily. A ten minute charge gives hours of playback.,True,18,2025-06-28
R-01101,HP-027,Vikram V.,4,Happy with it,The ear cushions stay comfortable through long sessions. The noise cancellation tunes out the metro and office chatter really well. Mic quality drops in noisy places.,True,26,2025-11-06
R-01102,HP-027,Pooja R.,4,Very good overall,The ear cushions stay comfortable through long sessions. Fast charging has saved me more than once. Mic quality drops in noisy places.,True,24,2026-01-29
R-01103,HP-027,Aditi T.,5,Worth every rupee,The ear cushions stay comfortable through long sessions. Folds flat and slips into my bag easily. Multipoint pairing means I never re-pair anything.,True,29,2026-02-15
R-01104,HP-027,Faisal J.,5,Best purchase this year,The ear cushions stay comfortable through long sessions. People on calls say my voice comes through clearly. Multipoint pairing means I never re-pair anything.,True,36,2026-03-29
R-01105,HP-028,Manoj M.,5,Absolutely love these,The ear cushions stay comfortable through long sessions. ANC makes my daily commute so much calmer. Switching between my laptop and phone is seamless.,True,6,2026-07-02
R-01106,HP-028,Suresh A.,4,Happy with it,The ear cushions stay comfortable through long sessions. The foldable frame is great for travel. Bluetooth dropped once or twice in a crowded area.,True,15,2026-04-23
R-01107,HP-028,Rahul S.,5,Best purchase this year,The ear cushions stay comfortable through long sessions. A ten minute charge gives hours of playback. Connects instantly every time I open the case or switch it on.,False,39,2026-05-13
R-01108,HP-028,Kavya K.,5,Best purchase this year,The ear cushions stay comfortable through long sessions. Bluetooth pairing is quick and the connection stays stable. People on calls say my voice comes through clearly.,True,32,2025-06-04
R-01109,HP-028,Sneha E.,5,Worth every rupee,The ear cushions stay comfortable through long sessions. The mic is good enough for daily meetings. A ten minute charge gives hours of playback.,False,25,2025-10-04
R-01110,HP-028,Kavya D.,4,Happy with it,The ear cushions stay comfortable through long sessions. The foldable frame is great for travel. Battery drains a little faster than the advertised 55 hours.,False,7,2026-05-04
R-01111,HP-028,Kavya P.,5,Absolutely love these,The ear cushions stay comfortable through long sessions. Connects instantly every time I open the case or switch it on. People on calls say my voice comes through clearly.,True,24,2025-09-22
R-01112,HP-028,Ravi M.,5,Worth every rupee,The ear cushions stay comfortable through long sessions. People on calls say my voice comes through clearly. A ten minute charge gives hours of playback.,True,12,2026-08-22
R-01113,HP-028,Lakshmi V.,5,Absolutely love these,The ear cushions stay comfortable through long sessions. The noise cancellation tunes out the metro and office chatter really well. People on calls say my voice comes through clearly.,True,24,2026-07-26
R-01114,HP-028,Meera B.,5,Best purchase this year,The ear cushions stay comfortable through long sessions. Bluetooth pairing is quick and the connection stays stable. A ten minute charge gives hours of playback.,True,31,2025-12-23
R-01115,HP-028,Priya C.,5,Worth every rupee,The ear cushions stay comfortable through long sessions. A ten minute charge gives hours of playback. The noise cancellation tunes out the metro and office chatter really well.,True,2,2025-12-14
R-01116,HP-028,Rahul E.,5,Best purchase this year,The ear cushions stay comfortable through long sessions. People on calls say my voice comes through clearly. ANC makes my daily commute so much calmer.,True,40,2026-06-20
R-01117,HP-028,Naveen B.,5,Worth every rupee,The ear cushions stay comfortable through long sessions. Folds flat and slips into my bag easily. People on calls say my voice comes through clearly.,True,34,2026-06-29
R-01118,HP-028,Shruti H.,5,Absolutely love these,The ear cushions stay comfortable through long sessions. People on calls say my voice comes through clearly. Switching between my laptop and phone is seamless.,True,11,2025-10-02
R-01119,HP-028,Naveen R.,3,Good but not perfect,The ear cushions stay comfortable through long sessions. Battery drains a little faster than the advertised 55 hours. Mic quality drops in noisy places.,True,26,2025-09-23
R-01120,HP-028,Meera M.,5,Best purchase this year,The ear cushions stay comfortable through long sessions. Connects instantly every time I open the case or switch it on. People on calls say my voice comes through clearly.,True,10,2026-01-07
R-01121,HP-028,Lakshmi H.,4,Solid pick,The ear cushions stay comfortable through long sessions. The noise cancellation tunes out the metro and office chatter really well. Battery drains a little faster than the advertised 55 hours.,True,14,2025-06-19
R-01122,HP-028,Faisal H.,5,Absolutely love these,The ear cushions stay comfortable through long sessions. Folds flat and slips into my bag easily. ANC makes my daily commute so much calmer.,True,36,2025-10-30
R-01123,HP-028,Nisha T.,5,Best purchase this year,The ear cushions stay comfortable through long sessions. People on calls say my voice comes through clearly. Fast charging has saved me more than once.,True,28,2026-08-09
R-01124,HP-028,Lakshmi B.,4,Happy with it,The ear cushions stay comfortable through long sessions. The mic is good enough for daily meetings. Battery drains a little faster than the advertised 55 hours.,True,29,2025-06-12
R-01125,HP-028,Rahul E.,4,Very good overall,The ear cushions stay comfortable through long sessions. Multipoint pairing means I never re-pair anything. Bluetooth dropped once or twice in a crowded area.,False,26,2026-07-25
R-01126,HP-028,Sneha S.,5,Worth every rupee,The ear cushions stay comfortable through long sessions. Fast charging has saved me more than once. Connects instantly every time I open the case or switch it on.,False,29,2025-10-19
R-01127,HP-028,Aarav G.,5,Absolutely love these,The ear cushions stay comfortable through long sessions. Bluetooth pairing is quick and the connection stays stable. The foldable frame is great for travel.,False,24,2026-04-08
R-01128,HP-028,Nisha P.,5,Best purchase this year,The ear cushions stay comfortable through long sessions. The foldable frame is great for travel. The noise cancellation tunes out the metro and office chatter really well.,True,35,2026-07-12
R-01129,HP-028,Sneha S.,5,Absolutely love these,The ear cushions stay comfortable through long sessions. Multipoint pairing means I never re-pair anything. Fast charging has saved me more than once.,True,40,2026-08-20
R-01130,HP-028,Karthik G.,5,Absolutely love these,The ear cushions stay comfortable through long sessions. The noise cancellation tunes out the metro and office chatter really well. Multipoint pairing means I never re-pair anything.,True,8,2026-05-10
R-01131,HP-028,Tanvi V.,5,Best purchase this year,The ear cushions stay comfortable through long sessions. Multipoint pairing means I never re-pair anything. The noise cancellation tunes out the metro and office chatter really well.,True,18,2025-07-26
R-01132,HP-028,Ravi B.,4,Happy with it,The ear cushions stay comfortable through long sessions. Multipoint pairing means I never re-pair anything. Mic quality drops in noisy places.,False,33,2026-06-28
R-01133,HP-028,Ravi C.,4,Solid pick,The ear cushions stay comfortable through long sessions. Connects instantly every time I open the case or switch it on. Battery drains a little faster than the advertised 55 hours.,True,28,2026-06-12
R-01134,HP-028,Meera R.,5,Absolutely love these,The ear cushions stay comfortable through long sessions. Connects instantly every time I open the case or switch it on. Fast charging has saved me more than once.,True,38,2026-08-02
R-01135,HP-028,Vikram L.,5,Worth every rupee,The ear cushions stay comfortable through long sessions. Fast charging has saved me more than once. The mic is good enough for daily meetings.,False,6,2025-06-26
R-01136,HP-028,Varun H.,5,Worth every rupee,The ear cushions stay comfortable through long sessions. Fast charging has saved me more than once. The noise cancellation tunes out the metro and office chatter really well.,True,35,2026-02-14
R-01137,HP-028,Shruti M.,5,Absolutely love these,The ear cushions stay comfortable through long sessions. Folds flat and slips into my bag easily. The noise cancellation tunes out the metro and office chatter really well.,True,16,2026-05-18
R-01138,HP-028,Harish P.,5,Worth every rupee,The ear cushions stay comfortable through long sessions. Connects instantly every time I open the case or switch it on. A ten minute charge gives hours of playback.,False,27,2026-05-19
R-01139,HP-028,Siddharth J.,3,Good but not perfect,The ear cushions stay comfortable through long sessions. Bluetooth dropped once or twice in a crowded area. Battery drains a little faster than the advertised 55 hours.,True,16,2026-08-18
R-01140,HP-028,Harish A.,5,Worth every rupee,The ear cushions stay comfortable through long sessions. Bluetooth pairing is quick and the connection stays stable. The noise cancellation tunes out the metro and office chatter really well.,True,29,2025-09-21
R-01141,HP-028,Siddharth J.,5,Worth every rupee,The ear cushions stay comfortable through long sessions. Bluetooth pairing is quick and the connection stays stable. Folds flat and slips into my bag easily.,True,32,2025-09-29
R-01142,HP-028,Manoj S.,5,Worth every rupee,The ear cushions stay comfortable through long sessions. Folds flat and slips into my bag easily. Fast charging has saved me more than once.,True,2,2026-02-17
R-01143,HP-028,Ravi A.,5,Worth every rupee,The ear cushions stay comfortable through long sessions. Folds flat and slips into my bag easily. The mic is good enough for daily meetings.,True,24,2026-01-29
R-01144,HP-028,Ishita N.,5,Worth every rupee,The ear cushions stay comfortable through long sessions. The noise cancellation tunes out the metro and office chatter really well. People on calls say my voice comes through clearly.,False,24,2026-05-04
R-01145,HP-028,Aarav J.,5,Absolutely love these,The ear cushions stay comfortable through long sessions. People on calls say my voice comes through clearly. Bluetooth pairing is quick and the connection stays stable.,True,0,2026-02-01
R-01146,HP-028,Shruti V.,5,Absolutely love these,The ear cushions stay comfortable through long sessions. The mic is good enough for daily meetings. A ten minute charge gives hours of playback.,False,31,2025-10-02
R-01147,HP-028,Pooja L.,5,Absolutely love these,The ear cushions stay comfortable through long sessions. Fast charging has saved me more than once. Switching between my laptop and phone is seamless.,True,19,2026-02-09
R-01148,HP-028,Lakshmi T.,5,Worth every rupee,The ear cushions stay comfortable through long sessions. The foldable frame is great for travel. Multipoint pairing means I never re-pair anything.,True,11,2025-07-16
R-01149,HP-028,Ishita K.,5,Absolutely love these,The ear cushions stay comfortable through long sessions. A ten minute charge gives hours of playback. Folds flat and slips into my bag easily.,True,40,2026-06-24
R-01150,HP-028,Karthik K.,5,Worth every rupee,The ear cushions stay comfortable through long sessions. Bluetooth pairing is quick and the connection stays stable. Multipoint pairing means I never re-pair anything.,False,20,2026-06-25
R-01151,HP-028,Aarav K.,5,Absolutely love these,The ear cushions stay comfortable through long sessions. The foldable frame is great for travel. Fast charging has saved me more than once.,True,18,2025-11-20
R-01152,HP-028,Faisal D.,5,Worth every rupee,The ear cushions stay comfortable through long sessions. The noise cancellation tunes out the metro and office chatter really well. A ten minute charge gives hours of playback.,True,2,2026-05-29
R-01153,HP-028,Ananya S.,5,Best purchase this year,The ear cushions stay comfortable through long sessions. The foldable frame is great for travel. The noise cancellation tunes out the metro and office chatter really well.,True,14,2026-09-04
R-01154,HP-028,Deepa E.,4,Solid pick,The ear cushions stay comfortable through long sessions. A ten minute charge gives hours of playback. The companion controls take some getting used to.,True,23,2026-07-25
R-01155,HP-028,Lakshmi G.,5,Worth every rupee,The ear cushions stay comfortable through long sessions. People on calls say my voice comes through clearly. ANC makes my daily commute so much calmer.,True,7,2025-11-04
R-01156,HP-028,Varun P.,3,"Decent, with caveats",The ear cushions stay comfortable through long sessions. Bluetooth dropped once or twice in a crowded area. Mic quality drops in noisy places.,True,16,2025-08-15
R-01157,HP-028,Nisha D.,5,Worth every rupee,The ear cushions stay comfortable through long sessions. People on calls say my voice comes through clearly. Multipoint pairing means I never re-pair anything.,True,9,2026-08-22
R-01158,HP-028,Ananya K.,5,Absolutely love these,The ear cushions stay comfortable through long sessions. A ten minute charge gives hours of playback. Switching between my laptop and phone is seamless.,False,22,2025-09-30
R-01159,HP-028,Naveen P.,5,Worth every rupee,The ear cushions stay comfortable through long sessions. Fast charging has saved me more than once. Connects instantly every time I open the case or switch it on.,True,40,2026-04-16
R-01160,HP-028,Meera R.,5,Worth every rupee,The ear cushions stay comfortable through long sessions. Folds flat and slips into my bag easily. The mic is good enough for daily meetings.,True,24,2026-05-22
R-01161,HP-028,Harish G.,4,Very good overall,The ear cushions stay comfortable through long sessions. People on calls say my voice comes through clearly. Battery drains a little faster than the advertised 55 hours.,True,1,2026-08-21
R-01162,HP-028,Arjun M.,3,"Decent, with caveats",The ear cushions stay comfortable through long sessions. Mic quality drops in noisy places. Sound is fine but not exceptional for the price.,True,0,2025-06-24
R-01163,HP-029,Sneha G.,4,Very good overall,Fits snugly and stays put while I move around. Connects instantly every time I open the case or switch it on. Wish it had noise cancellation at this price.,True,24,2026-04-15
R-01164,HP-029,Lakshmi K.,4,Solid pick,Fits snugly and stays put while I move around. Handled a surprise rain shower on my run just fine. Mic quality drops in noisy places.,True,40,2026-06-09
R-01165,HP-029,Vikram J.,3,Good but not perfect,Fits snugly and stays put while I move around. Mic quality drops in noisy places. Ear tips took a while to fit properly.,True,11,2025-11-12
R-01166,HP-029,Ishita E.,4,Happy with it,Fits snugly and stays put while I move around. Survives sweaty gym sessions without any trouble. Battery drains a little faster than the advertised 18 hours.,True,40,2025-08-26
R-01167,HP-029,Ravi A.,4,Solid pick,Fits snugly and stays put while I move around. People on calls say my voice comes through clearly. Mic quality drops in noisy places.,True,14,2026-02-07
R-01168,HP-029,Shruti R.,5,Worth every rupee,Fits snugly and stays put while I move around. The mic is good enough for daily meetings. Handled a surprise rain shower on my run just fine.,True,23,2025-08-26
R-01169,HP-029,Siddharth T.,5,Best purchase this year,Fits snugly and stays put while I move around. Bluetooth pairing is quick and the connection stays stable. Survives sweaty gym sessions without any trouble.,True,14,2025-08-20
R-01170,HP-029,Manoj P.,4,Happy with it,Fits snugly and stays put while I move around. Bluetooth pairing is quick and the connection stays stable. Wish it had noise cancellation at this price.,True,39,2025-12-06
R-01171,HP-029,Pooja A.,5,Absolutely love these,Fits snugly and stays put while I move around. Connects instantly every time I open the case or switch it on. Survives sweaty gym sessions without any trouble.,True,39,2026-07-08
R-01172,HP-029,Lakshmi N.,3,Good but not perfect,Fits snugly and stays put while I move around. Wish it had noise cancellation at this price. Bluetooth dropped once or twice in a crowded area.,True,26,2026-06-02
R-01173,HP-029,Arjun T.,5,Worth every rupee,Fits snugly and stays put while I move around. Handled a surprise rain shower on my run just fine. People on calls say my voice comes through clearly.,True,10,2026-01-12
R-01174,HP-029,Divya H.,3,"Decent, with caveats",Fits snugly and stays put while I move around. Battery drains a little faster than the advertised 18 hours. The build feels a little plasticky.,True,39,2025-12-26
R-01175,HP-029,Kavya V.,3,"Decent, with caveats",Fits snugly and stays put while I move around. Ear tips took a while to fit properly. Wish it had noise cancellation at this price.,True,19,2026-03-24
R-01176,HP-029,Ravi T.,5,Absolutely love these,Fits snugly and stays put while I move around. Bluetooth pairing is quick and the connection stays stable. Handled a surprise rain shower on my run just fine.,False,15,2026-06-22
R-01177,HP-029,Rahul P.,4,Very good overall,Fits snugly and stays put while I move around. Handled a surprise rain shower on my run just fine. Bluetooth dropped once or twice in a crowded area.,True,40,2025-12-24
R-01178,HP-029,Pooja G.,4,Solid pick,Fits snugly and stays put while I move around. Connects instantly every time I open the case or switch it on. The build feels a little plasticky.,True,9,2026-03-05
R-01179,HP-029,Kavya D.,3,Good but not perfect,Fits snugly and stays put while I move around. Bluetooth dropped once or twice in a crowded area. Battery drains a little faster than the advertised 18 hours.,True,26,2026-08-09
R-01180,HP-029,Divya J.,4,Very good overall,Fits snugly and stays put while I move around. Handled a surprise rain shower on my run just fine. The companion controls take some getting used to.,True,5,2026-03-19
R-01181,HP-029,Priya C.,4,Happy with it,Fits snugly and stays put while I move around. Connects instantly every time I open the case or switch it on. Mic quality drops in noisy places.,False,7,2025-07-09
R-01182,HP-029,Rahul E.,5,Worth every rupee,Fits snugly and stays put while I move around. Connects instantly every time I open the case or switch it on. Survives sweaty gym sessions without any trouble.,True,25,2025-12-14
R-01183,HP-029,Meera S.,5,Absolutely love these,Fits snugly and stays put while I move around. The mic is good enough for daily meetings. Handled a surprise rain shower on my run just fine.,True,33,2026-05-01
R-01184,HP-029,Lakshmi K.,5,Worth every rupee,Fits snugly and stays put while I move around. Survives sweaty gym sessions without any trouble. People on calls say my voice comes through clearly.,False,35,2026-04-24
R-01185,HP-029,Manoj H.,5,Worth every rupee,Fits snugly and stays put while I move around. Bluetooth pairing is quick and the connection stays stable. Survives sweaty gym sessions without any trouble.,True,3,2026-02-04
R-01186,HP-029,Nisha P.,3,Average for the price,Fits snugly and stays put while I move around. The build feels a little plasticky. Bluetooth dropped once or twice in a crowded area.,True,6,2026-02-10
R-01187,HP-029,Aarav P.,2,Disappointed,Ear tips took a while to fit properly. Battery drains a little faster than the advertised 18 hours. Expected better for the price.,False,24,2026-05-27
R-01188,HP-029,Suresh N.,4,Very good overall,Fits snugly and stays put while I move around. People on calls say my voice comes through clearly. Battery drains a little faster than the advertised 18 hours.,True,28,2026-06-20
R-01189,HP-029,Ananya E.,4,Very good overall,Fits snugly and stays put while I move around. Survives sweaty gym sessions without any trouble. Battery drains a little faster than the advertised 18 hours.,True,12,2026-03-20
R-01190,HP-029,Aarav H.,4,Happy with it,Fits snugly and stays put while I move around. Connects instantly every time I open the case or switch it on. Wish it had noise cancellation at this price.,False,29,2026-07-02
R-01191,HP-029,Deepa J.,5,Absolutely love these,Fits snugly and stays put while I move around. Survives sweaty gym sessions without any trouble. People on calls say my voice comes through clearly.,True,18,2025-07-21
R-01192,HP-029,Ananya B.,4,Happy with it,Fits snugly and stays put while I move around. People on calls say my voice comes through clearly. Bluetooth dropped once or twice in a crowded area.,False,11,2026-05-08
R-01193,HP-029,Lakshmi C.,2,Expected more,Sound is fine but not exceptional for the price. Wish it had noise cancellation at this price. Expected better for the price.,True,31,2025-08-19
R-01194,HP-029,Vikram P.,4,Very good overall,Fits snugly and stays put while I move around. Survives sweaty gym sessions without any trouble. Ear tips took a while to fit properly.,True,10,2026-07-12
R-01195,HP-029,Aarav P.,5,Worth every rupee,Fits snugly and stays put while I move around. Handled a surprise rain shower on my run just fine. Bluetooth pairing is quick and the connection stays stable.,True,12,2026-03-30
R-01196,HP-029,Priya E.,3,"Decent, with caveats",Fits snugly and stays put while I move around. Mic quality drops in noisy places. Wish it had noise cancellation at this price.,False,19,2026-03-01
R-01197,HP-029,Deepa M.,4,Solid pick,Fits snugly and stays put while I move around. The mic is good enough for daily meetings. Wish it had noise cancellation at this price.,True,37,2025-06-01
R-01198,HP-030,Vikram T.,5,Absolutely love these,Fits snugly and stays put while I move around. Handled a surprise rain shower on my run just fine. Fast charging has saved me more than once.,False,29,2026-06-26
R-01199,HP-030,Priya M.,5,Worth every rupee,Fits snugly and stays put while I move around. Bluetooth pairing is quick and the connection stays stable. Fast charging has saved me more than once.,True,17,2025-07-01
R-01200,HP-030,Pooja C.,4,Happy with it,Fits snugly and stays put while I move around. Fast charging has saved me more than once. Bluetooth dropped once or twice in a crowded area.,True,33,2026-03-28
R-01201,HP-030,Ishita B.,4,Very good overall,Fits snugly and stays put while I move around. Fast charging has saved me more than once. Bluetooth dropped once or twice in a crowded area.,True,39,2026-08-22
R-01202,HP-030,Arjun E.,4,Solid pick,Fits snugly and stays put while I move around. The noise cancellation tunes out the metro and office chatter really well. Battery drains a little faster than the advertised 24 hours.,False,27,2025-11-22
R-01203,HP-030,Nisha S.,4,Very good overall,Fits snugly and stays put while I move around. Bluetooth pairing is quick and the connection stays stable. Ear tips took a while to fit properly.,False,9,2026-02-21
R-01204,HP-030,Divya A.,4,Happy with it,Fits snugly and stays put while I move around. Survives sweaty gym sessions without any trouble. Bluetooth dropped once or twice in a crowded area.,True,13,2026-06-17
R-01205,HP-030,Harish P.,4,Very good overall,Fits snugly and stays put while I move around. A ten minute charge gives hours of playback. Bluetooth dropped once or twice in a crowded area.,False,3,2025-10-21
R-01206,HP-030,Imran G.,5,Absolutely love these,Fits snugly and stays put while I move around. A ten minute charge gives hours of playback. The mic is good enough for daily meetings.,True,5,2025-09-06
R-01207,HP-030,Aarav K.,4,Very good overall,Fits snugly and stays put while I move around. Fast charging has saved me more than once. Bluetooth dropped once or twice in a crowded area.,True,29,2025-11-17
R-01208,HP-030,Vikram B.,3,"Decent, with caveats",Fits snugly and stays put while I move around. The companion controls take some getting used to. Bluetooth dropped once or twice in a crowded area.,True,16,2026-04-12
R-01209,HP-030,Lakshmi K.,5,Best purchase this year,Fits snugly and stays put while I move around. People on calls say my voice comes through clearly. A ten minute charge gives hours of playback.,True,39,2026-03-07
R-01210,HP-030,Siddharth B.,5,Absolutely love these,Fits snugly and stays put while I move around. A ten minute charge gives hours of playback. Bluetooth pairing is quick and the connection stays stable.,False,24,2026-02-19
R-01211,HP-030,Ananya A.,4,Happy with it,Fits snugly and stays put while I move around. Bluetooth pairing is quick and the connection stays stable. Battery drains a little faster than the advertised 24 hours.,True,27,2026-08-02
R-01212,HP-030,Manoj R.,5,Worth every rupee,Fits snugly and stays put while I move around. Fast charging has saved me more than once. ANC makes my daily commute so much calmer.,False,31,2026-08-05
R-01213,HP-030,Siddharth L.,4,Happy with it,Fits snugly and stays put while I move around. ANC makes my daily commute so much calmer. The companion controls take some getting used to.,False,33,2025-07-13
R-01214,HP-030,Swathi D.,4,Happy with it,Fits snugly and stays put while I move around. ANC makes my daily commute so much calmer. The build feels a little plasticky.,True,9,2026-08-09
R-01215,HP-030,Imran N.,5,Best purchase this year,Fits snugly and stays put while I move around. Bluetooth pairing is quick and the connection stays stable. People on calls say my voice comes through clearly.,True,19,2025-12-03
R-01216,HP-030,Vikram J.,4,Happy with it,Fits snugly and stays put while I move around. Bluetooth pairing is quick and the connection stays stable. Battery drains a little faster than the advertised 24 hours.,True,25,2026-05-17
R-01217,HP-030,Swathi B.,4,Solid pick,Fits snugly and stays put while I move around. Survives sweaty gym sessions without any trouble. Battery drains a little faster than the advertised 24 hours.,True,35,2025-10-19
R-01218,HP-030,Lakshmi C.,4,Happy with it,Fits snugly and stays put while I move around. People on calls say my voice comes through clearly. Mic quality drops in noisy places.,True,15,2026-04-12
R-01219,HP-030,Ravi S.,4,Very good overall,Fits snugly and stays put while I move around. Handled a surprise rain shower on my run just fine. Battery drains a little faster than the advertised 24 hours.,True,26,2025-11-26
R-01220,HP-030,Aditi K.,5,Absolutely love these,Fits snugly and stays put while I move around. Handled a surprise rain shower on my run just fine. A ten minute charge gives hours of playback.,True,17,2025-06-17
R-01221,HP-030,Ishita P.,3,Average for the price,Fits snugly and stays put while I move around. Battery drains a little faster than the advertised 24 hours. Mic quality drops in noisy places.,False,5,2026-07-29
R-01222,HP-030,Karthik E.,4,Very good overall,Fits snugly and stays put while I move around. The mic is good enough for daily meetings. Ear tips took a while to fit properly.,True,35,2026-03-27
R-01223,HP-030,Rohan A.,3,Average for the price,Fits snugly and stays put while I move around. Ear tips took a while to fit properly. Bluetooth dropped once or twice in a crowded area.,True,3,2026-01-31
R-01224,HP-030,Ravi R.,4,Solid pick,Fits snugly and stays put while I move around. ANC makes my daily commute so much calmer. Bluetooth dropped once or twice in a crowded area.,True,11,2025-07-30
R-01225,HP-030,Shruti R.,5,Absolutely love these,Fits snugly and stays put while I move around. ANC makes my daily commute so much calmer. People on calls say my voice comes through clearly.,True,40,2025-09-13
R-01226,HP-030,Manoj D.,3,"Decent, with caveats",Fits snugly and stays put while I move around. The build feels a little plasticky. Bluetooth dropped once or twice in a crowded area.,True,9,2025-08-26
R-01227,HP-030,Imran E.,5,Absolutely love these,Fits snugly and stays put while I move around. Survives sweaty gym sessions without any trouble. Connects instantly every time I open the case or switch it on.,True,6,2026-08-22
R-01228,HP-030,Imran L.,5,Best purchase this year,Fits snugly and stays put while I move around. Survives sweaty gym sessions without any trouble. The noise cancellation tunes out the metro and office chatter really well.,True,38,2026-04-26
R-01229,HP-030,Ananya C.,4,Solid pick,Fits snugly and stays put while I move around. Fast charging has saved me more than once. Bluetooth dropped once or twice in a crowded area.,False,33,2026-03-21
R-01230,HP-030,Suresh K.,4,Happy with it,Fits snugly and stays put while I move around. The mic is good enough for daily meetings. Bluetooth dropped once or twice in a crowded area.,True,5,2026-05-12
R-01231,HP-030,Aditi N.,4,Solid pick,Fits snugly and stays put while I move around. ANC makes my daily commute so much calmer. Battery drains a little faster than the advertised 24 hours.,True,7,2025-10-29
R-01232,HP-030,Nisha J.,3,Average for the price,Fits snugly and stays put while I move around. Bluetooth dropped once or twice in a crowded area. Sound is fine but not exceptional for the price.,False,37,2026-06-03
R-01233,HP-030,Siddharth D.,5,Best purchase this year,Fits snugly and stays put while I move around. Bluetooth pairing is quick and the connection stays stable. Survives sweaty gym sessions without any trouble.,True,15,2025-08-19
R-01234,HP-030,Faisal R.,5,Worth every rupee,Fits snugly and stays put while I move around. Survives sweaty gym sessions without any trouble. ANC makes my daily commute so much calmer.,True,15,2026-03-31
R-01235,HP-030,Divya S.,5,Best purchase this year,Fits snugly and stays put while I move around. Handled a surprise rain shower on my run just fine. A ten minute charge gives hours of playback.,False,30,2025-09-18
R-01236,HP-030,Pooja R.,5,Best purchase this year,Fits snugly and stays put while I move around. Survives sweaty gym sessions without any trouble. Connects instantly every time I open the case or switch it on.,False,29,2025-07-13
R-01237,HP-030,Meera C.,4,Happy with it,Fits snugly and stays put while I move around. People on calls say my voice comes through clearly. The build feels a little plasticky.,True,4,2026-03-21
R-01238,HP-030,Priya G.,5,Worth every rupee,Fits snugly and stays put while I move around. Survives sweaty gym sessions without any trouble. ANC makes my daily commute so much calmer.,True,29,2026-07-27
R-01239,HP-030,Kavya D.,4,Solid pick,Fits snugly and stays put while I move around. A ten minute charge gives hours of playback. Bluetooth dropped once or twice in a crowded area.,False,32,2026-03-08
R-01240,HP-030,Faisal D.,5,Worth every rupee,Fits snugly and stays put while I move around. Fast charging has saved me more than once. People on calls say my voice comes through clearly.,True,22,2026-01-28
R-01241,HP-030,Tanvi S.,4,Happy with it,Fits snugly and stays put while I move around. Fast charging has saved me more than once. Bluetooth dropped once or twice in a crowded area.,True,22,2026-08-23
R-01242,HP-030,Suresh H.,5,Worth every rupee,Fits snugly and stays put while I move around. Handled a surprise rain shower on my run just fine. A ten minute charge gives hours of playback.,False,11,2026-03-21
R-01243,HP-030,Rohan A.,5,Best purchase this year,Fits snugly and stays put while I move around. Survives sweaty gym sessions without any trouble. The noise cancellation tunes out the metro and office chatter really well.,True,1,2026-06-10
R-01244,HP-031,Aarav B.,5,Absolutely love these,Light on-ear fit that is easy to wear all day. Connects instantly every time I open the case or switch it on. The mic is good enough for daily meetings.,True,14,2026-05-03
R-01245,HP-031,Aditi H.,2,Disappointed,Sound is fine but not exceptional for the price. Battery drains a little faster than the advertised 30 hours. Expected better for the price.,True,27,2026-04-30
R-01246,HP-031,Pooja N.,4,Happy with it,Light on-ear fit that is easy to wear all day. Bluetooth pairing is quick and the connection stays stable. The build feels a little plasticky.,True,6,2025-09-26
R-01247,HP-031,Harish A.,3,"Decent, with caveats",Light on-ear fit that is easy to wear all day. The companion controls take some getting used to. Mic quality drops in noisy places.,False,5,2026-02-12
R-01248,HP-031,Ravi H.,4,Happy with it,Light on-ear fit that is easy to wear all day. People on calls say my voice comes through clearly. Bluetooth dropped once or twice in a crowded area.,True,17,2026-05-07
R-01249,HP-031,Arjun B.,4,Very good overall,Light on-ear fit that is easy to wear all day. The foldable frame is great for travel. The build feels a little plasticky.,True,26,2026-07-06
R-01250,HP-031,Tanvi L.,3,"Decent, with caveats",Light on-ear fit that is easy to wear all day. Bluetooth dropped once or twice in a crowded area. Battery drains a little faster than the advertised 30 hours.,True,25,2026-03-03
R-01251,HP-031,Karthik J.,2,Disappointed,Battery drains a little faster than the advertised 30 hours. Wish it had noise cancellation at this price. Expected better for the price.,True,18,2026-02-03
R-01252,HP-031,Ishita E.,5,Absolutely love these,Light on-ear fit that is easy to wear all day. Bluetooth pairing is quick and the connection stays stable. The mic is good enough for daily meetings.,True,27,2026-03-18
R-01253,HP-031,Vikram G.,5,Best purchase this year,Light on-ear fit that is easy to wear all day. Folds flat and slips into my bag easily. Connects instantly every time I open the case or switch it on.,False,14,2026-05-07
R-01254,HP-031,Imran N.,4,Very good overall,Light on-ear fit that is easy to wear all day. Connects instantly every time I open the case or switch it on. Wish it had noise cancellation at this price.,True,19,2025-10-11
R-01255,HP-031,Ishita E.,4,Happy with it,Light on-ear fit that is easy to wear all day. Bluetooth pairing is quick and the connection stays stable. Battery drains a little faster than the advertised 30 hours.,True,6,2026-03-28
R-01256,HP-031,Ravi P.,4,Happy with it,Light on-ear fit that is easy to wear all day. The mic is good enough for daily meetings. Mic quality drops in noisy places.,True,7,2026-02-10
R-01257,HP-031,Tanvi E.,5,Absolutely love these,Light on-ear fit that is easy to wear all day. People on calls say my voice comes through clearly. Bluetooth pairing is quick and the connection stays stable.,True,18,2026-01-07
R-01258,HP-031,Rohan K.,3,Good but not perfect,Light on-ear fit that is easy to wear all day. Wish it had noise cancellation at this price. The companion controls take some getting used to.,True,38,2026-01-07
R-01259,HP-031,Varun P.,4,Very good overall,Light on-ear fit that is easy to wear all day. Folds flat and slips into my bag easily. The companion controls take some getting used to.,True,36,2026-06-27
R-01260,HP-031,Vikram M.,4,Solid pick,Light on-ear fit that is easy to wear all day. The mic is good enough for daily meetings. Bluetooth dropped once or twice in a crowded area.,True,37,2025-07-29
R-01261,HP-031,Priya G.,4,Happy with it,Light on-ear fit that is easy to wear all day. Bluetooth pairing is quick and the connection stays stable. The build feels a little plasticky.,True,27,2026-03-31
R-01262,HP-031,Kavya D.,5,Absolutely love these,Light on-ear fit that is easy to wear all day. The mic is good enough for daily meetings. Bluetooth pairing is quick and the connection stays stable.,True,22,2025-11-20
R-01263,HP-031,Manoj G.,4,Very good overall,Light on-ear fit that is easy to wear all day. Bluetooth pairing is quick and the connection stays stable. Wish it had noise cancellation at this price.,False,0,2025-11-01
R-01264,HP-031,Lakshmi L.,4,Happy with it,Light on-ear fit that is easy to wear all day. The mic is good enough for daily meetings. Bluetooth dropped once or twice in a crowded area.,False,25,2026-06-10
R-01265,HP-032,Ravi E.,4,Very good overall,The ear cushions stay comfortable through long sessions. The mic is good enough for daily meetings. Mic quality drops in noisy places.,True,2,2025-09-01
R-01266,HP-032,Imran P.,4,Solid pick,The ear cushions stay comfortable through long sessions. Bluetooth pairing is quick and the connection stays stable. The companion controls take some getting used to.,True,21,2026-01-07
R-01267,HP-032,Ravi M.,5,Absolutely love these,The ear cushions stay comfortable through long sessions. People on calls say my voice comes through clearly. Folds flat and slips into my bag easily.,True,22,2026-01-22
R-01268,HP-032,Pooja B.,5,Absolutely love these,The ear cushions stay comfortable through long sessions. Bluetooth pairing is quick and the connection stays stable. People on calls say my voice comes through clearly.,True,2,2025-08-02
R-01269,HP-032,Nisha P.,5,Worth every rupee,The ear cushions stay comfortable through long sessions. Folds flat and slips into my bag easily. The mic is good enough for daily meetings.,False,8,2025-09-02
R-01270,HP-032,Sneha P.,4,Solid pick,The ear cushions stay comfortable through long sessions. Connects instantly every time I open the case or switch it on. Wish it had noise cancellation at this price.,True,13,2025-07-30
R-01271,HP-032,Lakshmi G.,4,Very good overall,The ear cushions stay comfortable through long sessions. People on calls say my voice comes through clearly. Bluetooth dropped once or twice in a crowded area.,False,39,2026-08-01
R-01272,HP-032,Siddharth J.,4,Solid pick,The ear cushions stay comfortable through long sessions. The foldable frame is great for travel. The build feels a little plasticky.,True,32,2025-10-15
R-01273,HP-032,Swathi K.,4,Very good overall,The ear cushions stay comfortable through long sessions. The foldable frame is great for travel. Wish it had noise cancellation at this price.,True,16,2025-12-15
R-01274,HP-032,Swathi J.,3,"Decent, with caveats",The ear cushions stay comfortable through long sessions. Wish it had noise cancellation at this price. Bluetooth dropped once or twice in a crowded area.,True,29,2025-06-27
R-01275,HP-032,Harish N.,3,"Decent, with caveats",The ear cushions stay comfortable through long sessions. Wish it had noise cancellation at this price. Sound is fine but not exceptional for the price.,True,2,2026-06-16
R-01276,HP-032,Vikram B.,5,Absolutely love these,The ear cushions stay comfortable through long sessions. Folds flat and slips into my bag easily. People on calls say my voice comes through clearly.,False,32,2025-12-13
R-01277,HP-032,Divya M.,4,Very good overall,The ear cushions stay comfortable through long sessions. The foldable frame is great for travel. Bluetooth dropped once or twice in a crowded area.,True,13,2026-08-03
R-01278,HP-032,Tanvi S.,4,Very good overall,The ear cushions stay comfortable through long sessions. The mic is good enough for daily meetings. Bluetooth dropped once or twice in a crowded area.,False,0,2025-12-31
R-01279,HP-032,Rohan D.,3,Good but not perfect,The ear cushions stay comfortable through long sessions. Wish it had noise cancellation at this price. Battery drains a little faster than the advertised 34 hours.,True,20,2025-11-03
R-01280,HP-032,Karthik A.,3,Good but not perfect,The ear cushions stay comfortable through long sessions. Wish it had noise cancellation at this price. Mic quality drops in noisy places.,True,5,2026-01-31
R-01281,HP-032,Shruti R.,5,Best purchase this year,The ear cushions stay comfortable through long sessions. Connects instantly every time I open the case or switch it on. The foldable frame is great for travel.,True,2,2026-04-26
R-01282,HP-032,Arjun R.,5,Absolutely love these,The ear cushions stay comfortable through long sessions. Bluetooth pairing is quick and the connection stays stable. The mic is good enough for daily meetings.,True,25,2026-07-15
R-01283,HP-032,Naveen G.,4,Very good overall,The ear cushions stay comfortable through long sessions. The mic is good enough for daily meetings. Battery drains a little faster than the advertised 34 hours.,True,4,2025-11-15
R-01284,HP-032,Rahul M.,4,Happy with it,The ear cushions stay comfortable through long sessions. The foldable frame is great for travel. Bluetooth dropped once or twice in a crowded area.,False,5,2026-06-19
R-01285,HP-032,Priya V.,3,Good but not perfect,The ear cushions stay comfortable through long sessions. Battery drains a little faster than the advertised 34 hours. The companion controls take some getting used to.,True,8,2026-05-19
R-01286,HP-032,Siddharth M.,4,Happy with it,The ear cushions stay comfortable through long sessions. Folds flat and slips into my bag easily. Battery drains a little faster than the advertised 34 hours.,True,36,2026-02-07
R-01287,HP-032,Kavya V.,4,Happy with it,The ear cushions stay comfortable through long sessions. People on calls say my voice comes through clearly. Bluetooth dropped once or twice in a crowded area.,True,1,2026-01-30
R-01288,HP-032,Shruti E.,4,Very good overall,The ear cushions stay comfortable through long sessions. Connects instantly every time I open the case or switch it on. Bluetooth dropped once or twice in a crowded area.,True,2,2025-10-30
R-01289,HP-032,Arjun S.,4,Solid pick,The ear cushions stay comfortable through long sessions. Folds flat and slips into my bag easily. Wish it had noise cancellation at this price.,True,32,2026-01-11
R-01290,HP-032,Karthik P.,3,Average for the price,The ear cushions stay comfortable through long sessions. Battery drains a little faster than the advertised 34 hours. The build feels a little plasticky.,False,31,2026-06-09
R-01291,HP-032,Manoj E.,4,Solid pick,The ear cushions stay comfortable through long sessions. Bluetooth pairing is quick and the connection stays stable. Sound is fine but not exceptional for the price.,True,32,2026-03-07
R-01292,HP-032,Karthik V.,3,"Decent, with caveats",The ear cushions stay comfortable through long sessions. Sound is fine but not exceptional for the price. Mic quality drops in noisy places.,True,11,2025-09-07
R-01293,HP-032,Ravi R.,4,Solid pick,The ear cushions stay comfortable through long sessions. The mic is good enough for daily meetings. Wish it had noise cancellation at this price.,True,2,2025-09-02
R-01294,HP-032,Tanvi M.,5,Best purchase this year,The ear cushions stay comfortable through long sessions. The foldable frame is great for travel. People on calls say my voice comes through clearly.,True,37,2025-08-21
R-01295,HP-032,Siddharth A.,5,Absolutely love these,The ear cushions stay comfortable through long sessions. Connects instantly every time I open the case or switch it on. Folds flat and slips into my bag easily.,True,32,2026-07-03
R-01296,HP-032,Lakshmi A.,3,"Decent, with caveats",The ear cushions stay comfortable through long sessions. Battery drains a little faster than the advertised 34 hours. Mic quality drops in noisy places.,True,1,2026-02-03
R-01297,HP-032,Deepa R.,4,Very good overall,The ear cushions stay comfortable through long sessions. Connects instantly every time I open the case or switch it on. Sound is fine but not exceptional for the price.,False,27,2026-08-14
R-01298,HP-032,Nisha E.,3,"Decent, with caveats",The ear cushions stay comfortable through long sessions. Sound is fine but not exceptional for the price. Wish it had noise cancellation at this price.,False,5,2026-06-18
R-01299,HP-032,Tanvi H.,5,Worth every rupee,The ear cushions stay comfortable through long sessions. Connects instantly every time I open the case or switch it on. People on calls say my voice comes through clearly.,True,12,2025-12-02
R-01300,HP-032,Pooja A.,4,Solid pick,The ear cushions stay comfortable through long sessions. Bluetooth pairing is quick and the connection stays stable. Bluetooth dropped once or twice in a crowded area.,False,18,2026-01-22
R-01301,HP-032,Priya R.,4,Happy with it,The ear cushions stay comfortable through long sessions. The foldable frame is great for travel. Mic quality drops in noisy places.,True,39,2026-03-24
R-01302,HP-033,Swathi T.,4,Very good overall,The ear cushions stay comfortable through long sessions. ANC makes my daily commute so much calmer. Battery drains a little faster than the advertised 38 hours.,True,3,2025-06-06
R-01303,HP-033,Kavya K.,5,Absolutely love these,The ear cushions stay comfortable through long sessions. Bluetooth pairing is quick and the connection stays stable. The mic is good enough for daily meetings.,True,27,2026-03-06
R-01304,HP-033,Tanvi P.,4,Happy with it,The ear cushions stay comfortable through long sessions. Connects instantly every time I open the case or switch it on. The build feels a little plasticky.,True,25,2026-05-22
R-01305,HP-033,Varun N.,5,Best purchase this year,The ear cushions stay comfortable through long sessions. People on calls say my voice comes through clearly. Bluetooth pairing is quick and the connection stays stable.,True,27,2026-02-17
R-01306,HP-033,Sneha D.,3,Average for the price,The ear cushions stay comfortable through long sessions. Bluetooth dropped once or twice in a crowded area. Battery drains a little faster than the advertised 38 hours.,True,20,2026-03-26
R-01307,HP-033,Shruti S.,4,Happy with it,The ear cushions stay comfortable through long sessions. The noise cancellation tunes out the metro and office chatter really well. Battery drains a little faster than the advertised 38 hours.,False,22,2025-11-30
R-01308,HP-033,Vikram C.,4,Happy with it,The ear cushions stay comfortable through long sessions. People on calls say my voice comes through clearly. Bluetooth dropped once or twice in a crowded area.,True,16,2025-08-13
R-01309,HP-033,Meera D.,5,Absolutely love these,The ear cushions stay comfortable through long sessions. Bluetooth pairing is quick and the connection stays stable. The mic is good enough for daily meetings.,True,7,2026-05-19
R-01310,HP-033,Rohan N.,3,"Decent, with caveats",The ear cushions stay comfortable through long sessions. Sound is fine but not exceptional for the price. Battery drains a little faster than the advertised 38 hours.,True,35,2025-10-14
R-01311,HP-033,Aditi G.,4,Very good overall,The ear cushions stay comfortable through long sessions. Connects instantly every time I open the case or switch it on. Bluetooth dropped once or twice in a crowded area.,False,36,2025-08-10
R-01312,HP-033,Nisha E.,5,Best purchase this year,The ear cushions stay comfortable through long sessions. The noise cancellation tunes out the metro and office chatter really well. Bluetooth pairing is quick and the connection stays stable.,True,26,2026-05-22
R-01313,HP-033,Priya G.,3,Good but not perfect,The ear cushions stay comfortable through long sessions. The companion controls take some getting used to. Battery drains a little faster than the advertised 38 hours.,True,28,2025-10-23
R-01314,HP-033,Varun S.,5,Worth every rupee,The ear cushions stay comfortable through long sessions. The mic is good enough for daily meetings. Bluetooth pairing is quick and the connection stays stable.,True,10,2026-05-01
R-01315,HP-033,Shruti L.,5,Absolutely love these,The ear cushions stay comfortable through long sessions. People on calls say my voice comes through clearly. The noise cancellation tunes out the metro and office chatter really well.,True,1,2026-07-04
R-01316,HP-034,Ananya G.,5,Worth every rupee,The ear cushions stay comfortable through long sessions. People on calls say my voice comes through clearly. Folds flat and slips into my bag easily.,False,28,2025-08-22
R-01317,HP-034,Ravi L.,5,Absolutely love these,The ear cushions stay comfortable through long sessions. Folds flat and slips into my bag easily. People on calls say my voice comes through clearly.,False,31,2025-07-03
R-01318,HP-034,Manoj L.,4,Very good overall,The ear cushions stay comfortable through long sessions. The foldable frame is great for travel. The companion controls take some getting used to.,False,40,2026-01-20
R-01319,HP-034,Deepa L.,5,Best purchase this year,The ear cushions stay comfortable through long sessions. Folds flat and slips into my bag easily. The mic is good enough for daily meetings.,True,25,2025-07-23
R-01320,HP-034,Manoj J.,4,Solid pick,The ear cushions stay comfortable through long sessions. People on calls say my voice comes through clearly. Wish it had noise cancellation at this price.,True,14,2025-09-02
R-01321,HP-034,Tanvi S.,5,Absolutely love these,The ear cushions stay comfortable through long sessions. People on calls say my voice comes through clearly. Folds flat and slips into my bag easily.,True,15,2026-08-22
R-01322,HP-034,Rahul E.,3,Average for the price,The ear cushions stay comfortable through long sessions. Mic quality drops in noisy places. The build feels a little plasticky.,True,19,2025-07-16
R-01323,HP-034,Suresh L.,3,Average for the price,The ear cushions stay comfortable through long sessions. Wish it had noise cancellation at this price. The build feels a little plasticky.,True,39,2026-05-03
R-01324,HP-034,Naveen G.,4,Happy with it,The ear cushions stay comfortable through long sessions. The mic is good enough for daily meetings. The companion controls take some getting used to.,True,20,2025-11-29
R-01325,HP-034,Ravi H.,4,Happy with it,The ear cushions stay comfortable through long sessions. The foldable frame is great for travel. Mic quality drops in noisy places.,True,5,2026-02-04
R-01326,HP-034,Suresh D.,5,Worth every rupee,The ear cushions stay comfortable through long sessions. Folds flat and slips into my bag easily. People on calls say my voice comes through clearly.,False,31,2025-10-12
R-01327,HP-034,Faisal G.,4,Solid pick,The ear cushions stay comfortable through long sessions. People on calls say my voice comes through clearly. Mic quality drops in noisy places.,True,35,2025-08-30
R-01328,HP-034,Ananya N.,4,Solid pick,The ear cushions stay comfortable through long sessions. The foldable frame is great for travel. Mic quality drops in noisy places.,True,18,2026-08-02
R-01329,HP-034,Pooja A.,5,Worth every rupee,The ear cushions stay comfortable through long sessions. People on calls say my voice comes through clearly. Folds flat and slips into my bag easily.,False,3,2025-07-31
R-01330,HP-034,Divya E.,5,Best purchase this year,The ear cushions stay comfortable through long sessions. Folds flat and slips into my bag easily. People on calls say my voice comes through clearly.,True,28,2025-06-30
R-01331,HP-034,Aditi K.,5,Best purchase this year,The ear cushions stay comfortable through long sessions. The mic is good enough for daily meetings. Folds flat and slips into my bag easily.,True,27,2025-10-06
R-01332,HP-034,Vikram T.,5,Worth every rupee,The ear cushions stay comfortable through long sessions. The foldable frame is great for travel. People on calls say my voice comes through clearly.,False,38,2026-01-18
R-01333,HP-034,Tanvi S.,5,Best purchase this year,The ear cushions stay comfortable through long sessions. People on calls say my voice comes through clearly. Folds flat and slips into my bag easily.,True,2,2026-05-15
R-01334,HP-034,Aarav J.,5,Best purchase this year,The ear cushions stay comfortable through long sessions. The foldable frame is great for travel. The mic is good enough for daily meetings.,True,29,2026-01-20
R-01335,HP-034,Harish V.,4,Solid pick,The ear cushions stay comfortable through long sessions. People on calls say my voice comes through clearly. Mic quality drops in noisy places.,False,2,2026-07-01
R-01336,HP-034,Arjun L.,4,Solid pick,The ear cushions stay comfortable through long sessions. People on calls say my voice comes through clearly. Wish it had noise cancellation at this price.,False,26,2026-02-22
R-01337,HP-034,Sneha B.,5,Absolutely love these,The ear cushions stay comfortable through long sessions. The foldable frame is great for travel. People on calls say my voice comes through clearly.,True,15,2025-09-03
R-01338,HP-034,Vikram K.,2,Disappointed,The build feels a little plasticky. Mic quality drops in noisy places. Expected better for the price.,True,31,2025-12-07
R-01339,HP-034,Ananya L.,5,Absolutely love these,The ear cushions stay comfortable through long sessions. Folds flat and slips into my bag easily. The mic is good enough for daily meetings.,True,18,2025-07-24
R-01340,HP-034,Karthik P.,5,Best purchase this year,The ear cushions stay comfortable through long sessions. The foldable frame is great for travel. People on calls say my voice comes through clearly.,True,23,2026-03-24
R-01341,HP-034,Swathi E.,5,Best purchase this year,The ear cushions stay comfortable through long sessions. People on calls say my voice comes through clearly. Folds flat and slips into my bag easily.,True,20,2026-05-10
R-01342,HP-034,Rahul H.,5,Absolutely love these,The ear cushions stay comfortable through long sessions. The foldable frame is great for travel. The mic is good enough for daily meetings.,True,12,2026-07-22
R-01343,HP-034,Rohan B.,5,Worth every rupee,The ear cushions stay comfortable through long sessions. People on calls say my voice comes through clearly. Folds flat and slips into my bag easily.,True,4,2026-09-02
R-01344,HP-034,Divya R.,4,Happy with it,The ear cushions stay comfortable through long sessions. Folds flat and slips into my bag easily. Wish it had noise cancellation at this price.,False,24,2025-06-06
R-01345,HP-034,Shruti B.,5,Worth every rupee,The ear cushions stay comfortable through long sessions. Folds flat and slips into my bag easily. The mic is good enough for daily meetings.,True,15,2025-07-08
R-01346,HP-034,Pooja S.,4,Happy with it,The ear cushions stay comfortable through long sessions. The mic is good enough for daily meetings. Mic quality drops in noisy places.,True,14,2026-06-17
R-01347,HP-034,Karthik K.,5,Worth every rupee,The ear cushions stay comfortable through long sessions. Folds flat and slips into my bag easily. People on calls say my voice comes through clearly.,True,36,2025-09-10
R-01348,HP-034,Karthik L.,5,Best purchase this year,The ear cushions stay comfortable through long sessions. Folds flat and slips into my bag easily. People on calls say my voice comes through clearly.,True,26,2025-09-15
R-01349,HP-034,Faisal C.,5,Worth every rupee,The ear cushions stay comfortable through long sessions. Folds flat and slips into my bag easily. People on calls say my voice comes through clearly.,True,30,2025-07-26
R-01350,HP-034,Ananya P.,3,"Decent, with caveats",The ear cushions stay comfortable through long sessions. Wish it had noise cancellation at this price. The companion controls take some getting used to.,False,38,2025-08-31
R-01351,HP-034,Vikram J.,3,Good but not perfect,The ear cushions stay comfortable through long sessions. Sound is fine but not exceptional for the price. Wish it had noise cancellation at this price.,True,34,2025-08-03
R-01352,HP-034,Priya E.,5,Worth every rupee,The ear cushions stay comfortable through long sessions. The foldable frame is great for travel. The mic is good enough for daily meetings.,True,25,2025-12-15
R-01353,HP-034,Divya D.,5,Worth every rupee,The ear cushions stay comfortable through long sessions. People on calls say my voice comes through clearly. Folds flat and slips into my bag easily.,True,24,2025-08-17
R-01354,HP-034,Pooja K.,4,Solid pick,The ear cushions stay comfortable through long sessions. The foldable frame is great for travel. Wish it had noise cancellation at this price.,True,13,2025-12-02
R-01355,HP-034,Varun M.,4,Solid pick,The ear cushions stay comfortable through long sessions. People on calls say my voice comes through clearly. Mic quality drops in noisy places.,False,29,2026-02-28
R-01356,HP-034,Ishita V.,4,Solid pick,The ear cushions stay comfortable through long sessions. Folds flat and slips into my bag easily. Wish it had noise cancellation at this price.,True,17,2026-03-23
R-01357,HP-034,Faisal E.,5,Worth every rupee,The ear cushions stay comfortable through long sessions. People on calls say my voice comes through clearly. Folds flat and slips into my bag easily.,True,37,2026-01-31
R-01358,HP-034,Siddharth S.,4,Solid pick,The ear cushions stay comfortable through long sessions. The foldable frame is great for travel. Mic quality drops in noisy places.,True,12,2026-04-24
R-01359,HP-034,Faisal E.,5,Best purchase this year,The ear cushions stay comfortable through long sessions. Folds flat and slips into my bag easily. People on calls say my voice comes through clearly.,True,10,2026-01-06
R-01360,HP-034,Rohan T.,4,Solid pick,The ear cushions stay comfortable through long sessions. Folds flat and slips into my bag easily. The companion controls take some getting used to.,False,29,2025-08-23
R-01361,HP-034,Karthik H.,4,Happy with it,The ear cushions stay comfortable through long sessions. The foldable frame is great for travel. Mic quality drops in noisy places.,False,8,2026-06-06
R-01362,HP-034,Siddharth R.,4,Solid pick,The ear cushions stay comfortable through long sessions. The foldable frame is great for travel. The companion controls take some getting used to.,False,15,2026-06-29
R-01363,HP-034,Shruti S.,4,Solid pick,The ear cushions stay comfortable through long sessions. Folds flat and slips into my bag easily. Mic quality drops in noisy places.,True,13,2025-11-08
R-01364,HP-034,Aarav G.,4,Happy with it,The ear cushions stay comfortable through long sessions. The mic is good enough for daily meetings. Mic quality drops in noisy places.,False,6,2026-05-27
R-01365,HP-034,Aarav L.,5,Absolutely love these,The ear cushions stay comfortable through long sessions. The foldable frame is great for travel. People on calls say my voice comes through clearly.,True,17,2026-07-10
R-01366,HP-035,Vikram N.,5,Absolutely love these,Light on-ear fit that is easy to wear all day. The foldable frame is great for travel. Switching between my laptop and phone is seamless.,True,6,2025-06-30
R-01367,HP-035,Sneha K.,5,Worth every rupee,Light on-ear fit that is easy to wear all day. A ten minute charge gives hours of playback. Multipoint pairing means I never re-pair anything.,True,4,2026-06-07
R-01368,HP-035,Nisha G.,5,Absolutely love these,Light on-ear fit that is easy to wear all day. The foldable frame is great for travel. Multipoint pairing means I never re-pair anything.,True,27,2025-11-05
R-01369,HP-035,Varun S.,5,Worth every rupee,Light on-ear fit that is easy to wear all day. Fast charging has saved me more than once. The foldable frame is great for travel.,True,40,2025-06-19
R-01370,HP-035,Rahul P.,5,Best purchase this year,Light on-ear fit that is easy to wear all day. Bluetooth pairing is quick and the connection stays stable. Folds flat and slips into my bag easily.,True,33,2026-03-14
R-01371,HP-035,Naveen V.,5,Best purchase this year,Light on-ear fit that is easy to wear all day. Switching between my laptop and phone is seamless. A ten minute charge gives hours of playback.,True,1,2026-07-15
R-01372,HP-035,Karthik V.,5,Worth every rupee,Light on-ear fit that is easy to wear all day. The foldable frame is great for travel. Switching between my laptop and phone is seamless.,True,36,2025-08-15
R-01373,HP-035,Aarav B.,5,Worth every rupee,Light on-ear fit that is easy to wear all day. People on calls say my voice comes through clearly. Multipoint pairing means I never re-pair anything.,True,38,2025-12-13
R-01374,HP-035,Pooja E.,5,Worth every rupee,Light on-ear fit that is easy to wear all day. Bluetooth pairing is quick and the connection stays stable. The foldable frame is great for travel.,True,34,2026-06-24
R-01375,HP-035,Aditi E.,5,Best purchase this year,Light on-ear fit that is easy to wear all day. The foldable frame is great for travel. The mic is good enough for daily meetings.,True,12,2026-07-16
R-01376,HP-035,Harish B.,4,Solid pick,Light on-ear fit that is easy to wear all day. Connects instantly every time I open the case or switch it on. Battery drains a little faster than the advertised 32 hours.,True,34,2026-02-25
R-01377,HP-035,Swathi S.,4,Happy with it,Light on-ear fit that is easy to wear all day. The mic is good enough for daily meetings. Bluetooth dropped once or twice in a crowded area.,True,8,2026-05-18
R-01378,HP-035,Priya V.,5,Best purchase this year,Light on-ear fit that is easy to wear all day. Fast charging has saved me more than once. Connects instantly every time I open the case or switch it on.,True,15,2025-06-11
R-01379,HP-035,Deepa J.,5,Best purchase this year,Light on-ear fit that is easy to wear all day. Bluetooth pairing is quick and the connection stays stable. Fast charging has saved me more than once.,False,0,2026-04-17
R-01380,HP-035,Imran K.,4,Solid pick,Light on-ear fit that is easy to wear all day. A ten minute charge gives hours of playback. Mic quality drops in noisy places.,True,37,2026-04-17
R-01381,HP-035,Siddharth K.,4,Happy with it,Light on-ear fit that is easy to wear all day. The mic is good enough for daily meetings. Wish it had noise cancellation at this price.,True,0,2025-06-10
R-01382,HP-035,Imran M.,4,Happy with it,Light on-ear fit that is easy to wear all day. Switching between my laptop and phone is seamless. Bluetooth dropped once or twice in a crowded area.,True,15,2025-10-28
R-01383,HP-035,Karthik M.,4,Very good overall,Light on-ear fit that is easy to wear all day. People on calls say my voice comes through clearly. Bluetooth dropped once or twice in a crowded area.,True,23,2025-08-22
R-01384,HP-035,Divya A.,3,Average for the price,Light on-ear fit that is easy to wear all day. Bluetooth dropped once or twice in a crowded area. Wish it had noise cancellation at this price.,True,1,2025-12-06
R-01385,HP-035,Karthik A.,4,Very good overall,Light on-ear fit that is easy to wear all day. Connects instantly every time I open the case or switch it on. Wish it had noise cancellation at this price.,True,2,2026-08-17
R-01386,HP-035,Manoj S.,5,Absolutely love these,Light on-ear fit that is easy to wear all day. Connects instantly every time I open the case or switch it on. Fast charging has saved me more than once.,True,22,2025-07-08
R-01387,HP-035,Tanvi D.,4,Happy with it,Light on-ear fit that is easy to wear all day. People on calls say my voice comes through clearly. Bluetooth dropped once or twice in a crowded area.,True,25,2026-07-31
R-01388,HP-035,Aarav C.,5,Best purchase this year,Light on-ear fit that is easy to wear all day. Fast charging has saved me more than once. People on calls say my voice comes through clearly.,False,2,2026-09-02
R-01389,HP-035,Karthik B.,4,Happy with it,Light on-ear fit that is easy to wear all day. Connects instantly every time I open the case or switch it on. Bluetooth dropped once or twice in a crowded area.,False,33,2025-10-07
R-01390,HP-035,Faisal J.,5,Absolutely love these,Light on-ear fit that is easy to wear all day. Bluetooth pairing is quick and the connection stays stable. The mic is good enough for daily meetings.,True,18,2025-08-10
R-01391,HP-035,Lakshmi D.,5,Absolutely love these,Light on-ear fit that is easy to wear all day. A ten minute charge gives hours of playback. The mic is good enough for daily meetings.,True,26,2025-10-18
R-01392,HP-035,Harish L.,4,Very good overall,Light on-ear fit that is easy to wear all day. People on calls say my voice comes through clearly. The companion controls take some getting used to.,True,12,2026-05-09
R-01393,HP-035,Faisal L.,4,Happy with it,Light on-ear fit that is easy to wear all day. The foldable frame is great for travel. The build feels a little plasticky.,True,21,2026-07-23
R-01394,HP-035,Priya J.,3,Good but not perfect,Light on-ear fit that is easy to wear all day. Bluetooth dropped once or twice in a crowded area. The build feels a little plasticky.,True,3,2025-12-26
R-01395,HP-035,Vikram L.,4,Solid pick,Light on-ear fit that is easy to wear all day. Switching between my laptop and phone is seamless. Wish it had noise cancellation at this price.,True,26,2026-05-07
R-01396,HP-035,Rahul N.,4,Very good overall,Light on-ear fit that is easy to wear all day. People on calls say my voice comes through clearly. Mic quality drops in noisy places.,True,19,2026-06-05
R-01397,HP-035,Lakshmi R.,5,Worth every rupee,Light on-ear fit that is easy to wear all day. The mic is good enough for daily meetings. Bluetooth pairing is quick and the connection stays stable.,True,20,2026-04-27
R-01398,HP-035,Rahul C.,4,Happy with it,Light on-ear fit that is easy to wear all day. Switching between my laptop and phone is seamless. Wish it had noise cancellation at this price.,True,23,2025-06-15
R-01399,HP-035,Swathi G.,4,Happy with it,Light on-ear fit that is easy to wear all day. Folds flat and slips into my bag easily. Bluetooth dropped once or twice in a crowded area.,True,29,2026-03-24
R-01400,HP-035,Faisal K.,2,Not great,Battery drains a little faster than the advertised 32 hours. Sound is fine but not exceptional for the price. Expected better for the price.,True,36,2025-06-18
R-01401,HP-035,Pooja N.,4,Very good overall,Light on-ear fit that is easy to wear all day. Multipoint pairing means I never re-pair anything. Bluetooth dropped once or twice in a crowded area.,True,29,2025-09-18
R-01402,HP-035,Swathi E.,4,Happy with it,Light on-ear fit that is easy to wear all day. A ten minute charge gives hours of playback. The build feels a little plasticky.,True,16,2025-10-18
R-01403,HP-035,Harish P.,4,Happy with it,Light on-ear fit that is easy to wear all day. Fast charging has saved me more than once. Battery drains a little faster than the advertised 32 hours.,True,6,2025-06-17
R-01404,HP-035,Kavya D.,5,Worth every rupee,Light on-ear fit that is easy to wear all day. Switching between my laptop and phone is seamless. Connects instantly every time I open the case or switch it on.,True,17,2026-05-10
R-01405,HP-035,Ishita M.,5,Best purchase this year,Light on-ear fit that is easy to wear all day. Bluetooth pairing is quick and the connection stays stable. Fast charging has saved me more than once.,True,36,2026-07-13
R-01406,HP-035,Siddharth C.,4,Very good overall,Light on-ear fit that is easy to wear all day. Switching between my laptop and phone is seamless. Sound is fine but not exceptional for the price.,True,1,2026-07-18
R-01407,HP-035,Lakshmi E.,3,Good but not perfect,Light on-ear fit that is easy to wear all day. Mic quality drops in noisy places. Bluetooth dropped once or twice in a crowded area.,True,8,2026-01-05
R-01408,HP-035,Priya C.,5,Best purchase this year,Light on-ear fit that is easy to wear all day. A ten minute charge gives hours of playback. The mic is good enough for daily meetings.,True,7,2026-04-08
R-01409,HP-035,Aditi E.,5,Best purchase this year,Light on-ear fit that is easy to wear all day. People on calls say my voice comes through clearly. A ten minute charge gives hours of playback.,True,10,2025-07-12
R-01410,HP-035,Karthik K.,4,Happy with it,Light on-ear fit that is easy to wear all day. Fast charging has saved me more than once. Battery drains a little faster than the advertised 32 hours.,True,36,2025-08-11
R-01411,HP-035,Faisal N.,4,Solid pick,Light on-ear fit that is easy to wear all day. A ten minute charge gives hours of playback. Mic quality drops in noisy places.,True,33,2026-08-18
R-01412,HP-035,Nisha R.,5,Best purchase this year,Light on-ear fit that is easy to wear all day. The mic is good enough for daily meetings. Folds flat and slips into my bag easily.,False,14,2025-11-30
R-01413,HP-035,Manoj M.,4,Very good overall,Light on-ear fit that is easy to wear all day. Fast charging has saved me more than once. Sound is fine but not exceptional for the price.,True,31,2026-04-23
R-01414,HP-035,Swathi K.,4,Happy with it,Light on-ear fit that is easy to wear all day. People on calls say my voice comes through clearly. Sound is fine but not exceptional for the price.,True,35,2026-02-14
R-01415,HP-035,Meera K.,4,Very good overall,Light on-ear fit that is easy to wear all day. Switching between my laptop and phone is seamless. The companion controls take some getting used to.,True,27,2025-12-25
R-01416,HP-035,Arjun M.,4,Solid pick,Light on-ear fit that is easy to wear all day. The mic is good enough for daily meetings. Bluetooth dropped once or twice in a crowded area.,True,33,2026-07-11
R-01417,HP-035,Varun V.,4,Solid pick,Light on-ear fit that is easy to wear all day. Switching between my laptop and phone is seamless. The companion controls take some getting used to.,True,0,2026-06-07
R-01418,HP-035,Nisha P.,5,Absolutely love these,Light on-ear fit that is easy to wear all day. Multipoint pairing means I never re-pair anything. A ten minute charge gives hours of playback.,True,12,2026-04-28
R-01419,HP-035,Nisha B.,3,Good but not perfect,Light on-ear fit that is easy to wear all day. Wish it had noise cancellation at this price. The build feels a little plasticky.,False,20,2025-11-30
R-01420,HP-035,Aarav H.,3,Average for the price,Light on-ear fit that is easy to wear all day. Wish it had noise cancellation at this price. Battery drains a little faster than the advertised 32 hours.,True,39,2025-11-06
R-01421,HP-035,Lakshmi E.,5,Absolutely love these,Light on-ear fit that is easy to wear all day. Folds flat and slips into my bag easily. The mic is good enough for daily meetings.,True,15,2025-08-26
R-01422,HP-036,Rohan L.,5,Absolutely love these,Fits snugly and stays put while I move around. People on calls say my voice comes through clearly. Bluetooth pairing is quick and the connection stays stable.,False,37,2026-06-10
R-01423,HP-036,Aditi M.,4,Very good overall,Fits snugly and stays put while I move around. People on calls say my voice comes through clearly. Battery drains a little faster than the advertised 12 hours.,False,5,2025-09-16
R-01424,HP-036,Lakshmi L.,3,Good but not perfect,Fits snugly and stays put while I move around. Wish it had noise cancellation at this price. The build feels a little plasticky.,True,1,2026-05-22
R-01425,HP-036,Harish G.,4,Happy with it,Fits snugly and stays put while I move around. People on calls say my voice comes through clearly. Battery drains a little faster than the advertised 12 hours.,True,11,2026-07-19
R-01426,HP-036,Vikram C.,2,Not great,Bluetooth dropped once or twice in a crowded area. Battery drains a little faster than the advertised 12 hours. Expected better for the price.,True,16,2026-07-17
R-01427,HP-036,Aarav A.,4,Very good overall,Fits snugly and stays put while I move around. The mic is good enough for daily meetings. Ear tips took a while to fit properly.,False,34,2025-09-08
R-01428,HP-036,Sneha G.,3,Good but not perfect,Fits snugly and stays put while I move around. Ear tips took a while to fit properly. Bluetooth dropped once or twice in a crowded area.,True,32,2025-06-07
R-01429,HP-036,Naveen K.,3,Good but not perfect,Fits snugly and stays put while I move around. The build feels a little plasticky. Ear tips took a while to fit properly.,True,3,2025-07-28
R-01430,HP-036,Suresh K.,4,Very good overall,Fits snugly and stays put while I move around. Connects instantly every time I open the case or switch it on. Mic quality drops in noisy places.,True,30,2025-11-28
R-01431,HP-036,Priya P.,2,Not great,Battery drains a little faster than the advertised 12 hours. Bluetooth dropped once or twice in a crowded area. Expected better for the price.,True,19,2026-05-02
R-01432,HP-036,Arjun K.,4,Very good overall,Fits snugly and stays put while I move around. The mic is good enough for daily meetings. Wish it had noise cancellation at this price.,True,37,2025-06-29
R-01433,HP-036,Ananya C.,4,Very good overall,Fits snugly and stays put while I move around. Connects instantly every time I open the case or switch it on. The companion controls take some getting used to.,False,4,2025-06-21
R-01434,HP-036,Vikram D.,4,Very good overall,Fits snugly and stays put while I move around. Connects instantly every time I open the case or switch it on. Bluetooth dropped once or twice in a crowded area.,True,13,2025-12-07
R-01435,HP-036,Rahul R.,5,Worth every rupee,Fits snugly and stays put while I move around. Bluetooth pairing is quick and the connection stays stable. People on calls say my voice comes through clearly.,True,32,2026-08-22
R-01436,HP-036,Pooja E.,3,Good but not perfect,Fits snugly and stays put while I move around. Mic quality drops in noisy places. Bluetooth dropped once or twice in a crowded area.,True,7,2026-04-01
R-01437,HP-036,Ananya K.,5,Worth every rupee,Fits snugly and stays put while I move around. People on calls say my voice comes through clearly. Bluetooth pairing is quick and the connection stays stable.,True,11,2026-03-22
R-01438,HP-036,Arjun S.,4,Happy with it,Fits snugly and stays put while I move around. Bluetooth pairing is quick and the connection stays stable. Wish it had noise cancellation at this price.,False,16,2025-09-09
R-01439,HP-036,Faisal H.,3,Average for the price,Fits snugly and stays put while I move around. The companion controls take some getting used to. Battery drains a little faster than the advertised 12 hours.,False,0,2025-10-10
R-01440,HP-036,Sneha C.,3,Good but not perfect,Fits snugly and stays put while I move around. Mic quality drops in noisy places. Wish it had noise cancellation at this price.,True,12,2026-07-03
R-01441,HP-036,Imran K.,5,Best purchase this year,Fits snugly and stays put while I move around. The mic is good enough for daily meetings. Bluetooth pairing is quick and the connection stays stable.,True,9,2026-04-28
R-01442,HP-036,Arjun A.,4,Very good overall,Fits snugly and stays put while I move around. People on calls say my voice comes through clearly. Mic quality drops in noisy places.,True,4,2025-12-25
R-01443,HP-036,Meera S.,3,Good but not perfect,Fits snugly and stays put while I move around. Wish it had noise cancellation at this price. Mic quality drops in noisy places.,True,31,2026-04-10
R-01444,HP-036,Manoj C.,4,Happy with it,Fits snugly and stays put while I move around. People on calls say my voice comes through clearly. Mic quality drops in noisy places.,False,26,2025-12-18
R-01445,HP-036,Varun T.,4,Very good overall,Fits snugly and stays put while I move around. Connects instantly every time I open the case or switch it on. Ear tips took a while to fit properly.,False,28,2025-10-08
R-01446,HP-037,Vikram K.,3,Average for the price,Fits snugly and stays put while I move around. Ear tips took a while to fit properly. Bluetooth dropped once or twice in a crowded area.,True,34,2025-11-01
R-01447,HP-037,Deepa S.,4,Solid pick,Fits snugly and stays put while I move around. Fast charging has saved me more than once. Battery drains a little faster than the advertised 20 hours.,True,2,2026-03-21
R-01448,HP-037,Arjun R.,5,Absolutely love these,Fits snugly and stays put while I move around. Fast charging has saved me more than once. Bluetooth pairing is quick and the connection stays stable.,True,38,2025-07-20
R-01449,HP-037,Aditi C.,5,Absolutely love these,Fits snugly and stays put while I move around. The noise cancellation tunes out the metro and office chatter really well. Fast charging has saved me more than once.,False,37,2026-02-04
R-01450,HP-037,Sneha H.,3,"Decent, with caveats",Fits snugly and stays put while I move around. The companion controls take some getting used to. Battery drains a little faster than the advertised 20 hours.,True,7,2025-08-04
R-01451,HP-037,Rahul E.,4,Solid pick,Fits snugly and stays put while I move around. ANC makes my daily commute so much calmer. Sound is fine but not exceptional for the price.,True,36,2025-11-03
R-01452,HP-037,Shruti P.,5,Absolutely love these,Fits snugly and stays put while I move around. People on calls say my voice comes through clearly. ANC makes my daily commute so much calmer.,True,1,2026-08-12
R-01453,HP-037,Nisha H.,4,Very good overall,Fits snugly and stays put while I move around. The mic is good enough for daily meetings. Mic quality drops in noisy places.,True,5,2025-10-10
R-01454,HP-037,Lakshmi T.,4,Very good overall,Fits snugly and stays put while I move around. ANC makes my daily commute so much calmer. Ear tips took a while to fit properly.,False,34,2025-12-23
R-01455,HP-037,Aarav E.,5,Worth every rupee,Fits snugly and stays put while I move around. The mic is good enough for daily meetings. A ten minute charge gives hours of playback.,False,23,2026-04-24
R-01456,HP-037,Imran C.,3,"Decent, with caveats",Fits snugly and stays put while I move around. Battery drains a little faster than the advertised 20 hours. The companion controls take some getting used to.,False,13,2026-01-27
R-01457,HP-037,Deepa L.,3,Average for the price,Fits snugly and stays put while I move around. Bluetooth dropped once or twice in a crowded area. The companion controls take some getting used to.,True,34,2025-06-05
R-01458,HP-037,Aarav N.,3,Average for the price,Fits snugly and stays put while I move around. Battery drains a little faster than the advertised 20 hours. Bluetooth dropped once or twice in a crowded area.,False,39,2026-04-09
R-01459,HP-037,Kavya K.,3,"Decent, with caveats",Fits snugly and stays put while I move around. Mic quality drops in noisy places. Ear tips took a while to fit properly.,True,23,2026-01-30
R-01460,HP-037,Harish K.,5,Worth every rupee,Fits snugly and stays put while I move around. The mic is good enough for daily meetings. The noise cancellation tunes out the metro and office chatter really well.,True,34,2026-01-19
R-01461,HP-037,Pooja J.,4,Happy with it,Fits snugly and stays put while I move around. Fast charging has saved me more than once. Ear tips took a while to fit properly.,True,6,2025-10-25
R-01462,HP-037,Divya N.,5,Best purchase this year,Fits snugly and stays put while I move around. A ten minute charge gives hours of playback. People on calls say my voice comes through clearly.,True,28,2026-07-13
R-01463,HP-037,Siddharth G.,4,Very good overall,Fits snugly and stays put while I move around. A ten minute charge gives hours of playback. Ear tips took a while to fit properly.,False,10,2025-12-18
R-01464,HP-037,Aditi B.,5,Absolutely love these,Fits snugly and stays put while I move around. People on calls say my voice comes through clearly. The noise cancellation tunes out the metro and office chatter really well.,True,27,2026-05-24
R-01465,HP-037,Meera B.,5,Best purchase this year,Fits snugly and stays put while I move around. ANC makes my daily commute so much calmer. Fast charging has saved me more than once.,True,8,2026-06-23
R-01466,HP-037,Deepa T.,4,Solid pick,Fits snugly and stays put while I move around. Fast charging has saved me more than once. Battery drains a little faster than the advertised 20 hours.,False,1,2026-01-29
R-01467,HP-037,Pooja B.,2,Disappointed,The build feels a little plasticky. Mic quality drops in noisy places. Expected better for the price.,True,34,2025-07-04
R-01468,HP-037,Divya S.,4,Happy with it,Fits snugly and stays put while I move around. ANC makes my daily commute so much calmer. Battery drains a little faster than the advertised 20 hours.,True,11,2025-09-11
R-01469,HP-037,Tanvi K.,5,Best purchase this year,Fits snugly and stays put while I move around. The mic is good enough for daily meetings. ANC makes my daily commute so much calmer.,True,27,2025-10-05
R-01470,HP-037,Kavya E.,4,Happy with it,Fits snugly and stays put while I move around. Bluetooth pairing is quick and the connection stays stable. Battery drains a little faster than the advertised 20 hours.,False,33,2026-02-04
R-01471,HP-037,Meera J.,3,Average for the price,Fits snugly and stays put while I move around. Ear tips took a while to fit properly. Mic quality drops in noisy places.,True,35,2025-09-07
R-01472,HP-037,Swathi A.,2,Expected more,Battery drains a little faster than the advertised 20 hours. Mic quality drops in noisy places. Expected better for the price.,True,9,2025-11-29
R-01473,HP-037,Manoj E.,5,Best purchase this year,Fits snugly and stays put while I move around. People on calls say my voice comes through clearly. A ten minute charge gives hours of playback.,True,30,2026-04-12
R-01474,HP-037,Karthik G.,4,Very good overall,Fits snugly and stays put while I move around. ANC makes my daily commute so much calmer. Bluetooth dropped once or twice in a crowded area.,True,15,2026-08-17
R-01475,HP-037,Rohan H.,5,Worth every rupee,Fits snugly and stays put while I move around. Bluetooth pairing is quick and the connection stays stable. Fast charging has saved me more than once.,True,6,2025-08-24
R-01476,HP-037,Arjun M.,5,Worth every rupee,Fits snugly and stays put while I move around. The noise cancellation tunes out the metro and office chatter really well. Connects instantly every time I open the case or switch it on.,False,19,2026-05-29
R-01477,HP-037,Faisal H.,4,Very good overall,Fits snugly and stays put while I move around. A ten minute charge gives hours of playback. Sound is fine but not exceptional for the price.,False,22,2026-01-16
R-01478,HP-037,Shruti A.,4,Very good overall,Fits snugly and stays put while I move around. The noise cancellation tunes out the metro and office chatter really well. Mic quality drops in noisy places.,True,0,2026-07-08
R-01479,HP-037,Rohan P.,5,Best purchase this year,Fits snugly and stays put while I move around. Bluetooth pairing is quick and the connection stays stable. The mic is good enough for daily meetings.,True,23,2025-08-12
R-01480,HP-037,Lakshmi B.,4,Solid pick,Fits snugly and stays put while I move around. People on calls say my voice comes through clearly. The build feels a little plasticky.,False,30,2025-06-22
R-01481,HP-037,Tanvi V.,5,Worth every rupee,Fits snugly and stays put while I move around. ANC makes my daily commute so much calmer. Connects instantly every time I open the case or switch it on.,True,17,2025-10-11
R-01482,HP-037,Varun S.,4,Very good overall,Fits snugly and stays put while I move around. Fast charging has saved me more than once. Battery drains a little faster than the advertised 20 hours.,True,11,2026-07-08
R-01483,HP-037,Imran T.,4,Very good overall,Fits snugly and stays put while I move around. The mic is good enough for daily meetings. Battery drains a little faster than the advertised 20 hours.,True,31,2026-06-01
R-01484,HP-037,Tanvi E.,5,Worth every rupee,Fits snugly and stays put while I move around. ANC makes my daily commute so much calmer. A ten minute charge gives hours of playback.,True,33,2025-08-29
R-01485,HP-037,Aarav J.,4,Solid pick,Fits snugly and stays put while I move around. The mic is good enough for daily meetings. Bluetooth dropped once or twice in a crowded area.,True,14,2025-08-25
R-01486,HP-037,Suresh R.,3,"Decent, with caveats",Fits snugly and stays put while I move around. Sound is fine but not exceptional for the price. Ear tips took a while to fit properly.,False,28,2025-06-13
R-01487,HP-037,Varun P.,4,Solid pick,Fits snugly and stays put while I move around. Fast charging has saved me more than once. Bluetooth dropped once or twice in a crowded area.,True,40,2025-10-16
R-01488,HP-037,Rohan D.,3,Good but not perfect,Fits snugly and stays put while I move around. Bluetooth dropped once or twice in a crowded area. Ear tips took a while to fit properly.,True,19,2026-01-18
R-01489,HP-037,Faisal A.,2,Expected more,Bluetooth dropped once or twice in a crowded area. Battery drains a little faster than the advertised 20 hours. Expected better for the price.,True,30,2025-08-30
R-01490,HP-037,Rahul D.,4,Happy with it,Fits snugly and stays put while I move around. People on calls say my voice comes through clearly. Ear tips took a while to fit properly.,True,14,2025-08-03
R-01491,HP-037,Ravi D.,4,Solid pick,Fits snugly and stays put while I move around. The noise cancellation tunes out the metro and office chatter really well. Battery drains a little faster than the advertised 20 hours.,True,21,2025-07-04
R-01492,HP-038,Tanvi R.,3,Good but not perfect,The ear cushions stay comfortable through long sessions. Sound is fine but not exceptional for the price. Wish it had noise cancellation at this price.,True,27,2026-01-05
R-01493,HP-038,Tanvi C.,4,Solid pick,The ear cushions stay comfortable through long sessions. Great energy in the low end for the price. Battery drains a little faster than the advertised 30 hours.,True,11,2025-11-22
R-01494,HP-038,Kavya J.,5,Best purchase this year,The ear cushions stay comfortable through long sessions. People on calls say my voice comes through clearly. Connects instantly every time I open the case or switch it on.,True,22,2026-08-16
R-01495,HP-038,Suresh S.,3,Good but not perfect,The ear cushions stay comfortable through long sessions. Wish it had noise cancellation at this price. Battery drains a little faster than the advertised 30 hours.,True,23,2026-02-21
R-01496,HP-038,Ananya V.,4,Happy with it,The ear cushions stay comfortable through long sessions. The mic is good enough for daily meetings. Bluetooth dropped once or twice in a crowded area.,False,25,2025-10-30
R-01497,HP-038,Vikram L.,5,Absolutely love these,The ear cushions stay comfortable through long sessions. Great energy in the low end for the price. Connects instantly every time I open the case or switch it on.,True,19,2026-08-27
R-01498,HP-038,Pooja T.,4,Solid pick,The ear cushions stay comfortable through long sessions. The mic is good enough for daily meetings. Bluetooth dropped once or twice in a crowded area.,True,8,2025-08-30
R-01499,HP-038,Faisal V.,5,Best purchase this year,The ear cushions stay comfortable through long sessions. The bass is punchy without turning muddy. Connects instantly every time I open the case or switch it on.,False,16,2025-10-06
R-01500,HP-038,Deepa A.,5,Worth every rupee,The ear cushions stay comfortable through long sessions. Great energy in the low end for the price. The mic is good enough for daily meetings.,False,18,2026-09-03
R-01501,HP-038,Pooja C.,5,Worth every rupee,The ear cushions stay comfortable through long sessions. The mic is good enough for daily meetings. The bass is punchy without turning muddy.,True,0,2026-08-21
R-01502,HP-038,Ravi A.,3,"Decent, with caveats",The ear cushions stay comfortable through long sessions. Battery drains a little faster than the advertised 30 hours. Wish it had noise cancellation at this price.,True,8,2026-02-18
R-01503,HP-038,Deepa L.,3,"Decent, with caveats",The ear cushions stay comfortable through long sessions. Battery drains a little faster than the advertised 30 hours. Sound is fine but not exceptional for the price.,True,32,2025-06-28
R-01504,HP-038,Rahul N.,5,Best purchase this year,The ear cushions stay comfortable through long sessions. The mic is good enough for daily meetings. Bluetooth pairing is quick and the connection stays stable.,True,29,2025-07-16
R-01505,HP-038,Faisal C.,3,Average for the price,The ear cushions stay comfortable through long sessions. Battery drains a little faster than the advertised 30 hours. Mic quality drops in noisy places.,True,32,2026-02-19
R-01506,HP-038,Shruti C.,3,Good but not perfect,The ear cushions stay comfortable through long sessions. Bluetooth dropped once or twice in a crowded area. Wish it had noise cancellation at this price.,True,3,2025-08-14
R-01507,HP-038,Ravi H.,3,Average for the price,The ear cushions stay comfortable through long sessions. Wish it had noise cancellation at this price. Battery drains a little faster than the advertised 30 hours.,True,30,2026-04-10
R-01508,HP-038,Harish D.,4,Solid pick,The ear cushions stay comfortable through long sessions. Connects instantly every time I open the case or switch it on. Battery drains a little faster than the advertised 30 hours.,True,27,2025-06-21
R-01509,HP-038,Shruti L.,5,Worth every rupee,The ear cushions stay comfortable through long sessions. Great energy in the low end for the price. People on calls say my voice comes through clearly.,False,29,2025-07-10
R-01510,HP-038,Varun S.,3,"Decent, with caveats",The ear cushions stay comfortable through long sessions. Battery drains a little faster than the advertised 30 hours. Bluetooth dropped once or twice in a crowded area.,False,9,2025-06-01
R-01511,HP-038,Faisal T.,5,Worth every rupee,The ear cushions stay comfortable through long sessions. The mic is good enough for daily meetings. Bluetooth pairing is quick and the connection stays stable.,True,20,2026-04-05
R-01512,HP-038,Siddharth G.,4,Very good overall,The ear cushions stay comfortable through long sessions. The bass is punchy without turning muddy. Wish it had noise cancellation at this price.,True,38,2025-10-14
R-01513,HP-038,Varun C.,3,"Decent, with caveats",The ear cushions stay comfortable through long sessions. Wish it had noise cancellation at this price. Mic quality drops in noisy places.,True,6,2025-08-03
R-01514,HP-038,Karthik K.,3,Average for the price,The ear cushions stay comfortable through long sessions. Mic quality drops in noisy places. Battery drains a little faster than the advertised 30 hours.,True,1,2026-04-28
R-01515,HP-038,Priya N.,3,"Decent, with caveats",The ear cushions stay comfortable through long sessions. Battery drains a little faster than the advertised 30 hours. Bluetooth dropped once or twice in a crowded area.,True,8,2026-03-12
R-01516,HP-038,Priya L.,5,Absolutely love these,The ear cushions stay comfortable through long sessions. Great energy in the low end for the price. People on calls say my voice comes through clearly.,True,7,2026-03-30
R-01517,HP-039,Sneha E.,3,Average for the price,The ear cushions stay comfortable through long sessions. The build feels a little plasticky. Bluetooth dropped once or twice in a crowded area.,True,29,2025-12-15
R-01518,HP-039,Tanvi J.,4,Solid pick,The ear cushions stay comfortable through long sessions. Great energy in the low end for the price. Mic quality drops in noisy places.,True,15,2026-04-11
R-01519,HP-039,Suresh K.,4,Happy with it,The ear cushions stay comfortable through long sessions. Fast charging has saved me more than once. Battery drains a little faster than the advertised 36 hours.,True,32,2026-07-06
R-01520,HP-039,Manoj L.,3,Average for the price,The ear cushions stay comfortable through long sessions. The companion controls take some getting used to. Mic quality drops in noisy places.,True,14,2026-06-14
R-01521,HP-039,Meera J.,3,Good but not perfect,The ear cushions stay comfortable through long sessions. The build feels a little plasticky. Battery drains a little faster than the advertised 36 hours.,True,9,2025-06-16
R-01522,HP-039,Karthik D.,4,Happy with it,The ear cushions stay comfortable through long sessions. People on calls say my voice comes through clearly. Battery drains a little faster than the advertised 36 hours.,True,34,2025-10-26
R-01523,HP-039,Ishita T.,5,Absolutely love these,The ear cushions stay comfortable through long sessions. Bluetooth pairing is quick and the connection stays stable. The mic is good enough for daily meetings.,True,10,2025-12-08
R-01524,HP-039,Aditi T.,4,Happy with it,The ear cushions stay comfortable through long sessions. The noise cancellation tunes out the metro and office chatter really well. Bluetooth dropped once or twice in a crowded area.,True,16,2026-07-31
R-01525,HP-039,Swathi K.,4,Very good overall,The ear cushions stay comfortable through long sessions. A ten minute charge gives hours of playback. Mic quality drops in noisy places.,False,31,2025-07-16
R-01526,HP-039,Deepa R.,4,Solid pick,The ear cushions stay comfortable through long sessions. People on calls say my voice comes through clearly. Mic quality drops in noisy places.,True,33,2026-02-01
R-01527,HP-039,Pooja L.,4,Solid pick,The ear cushions stay comfortable through long sessions. The noise cancellation tunes out the metro and office chatter really well. Bluetooth dropped once or twice in a crowded area.,False,38,2025-10-17
R-01528,HP-039,Suresh M.,4,Happy with it,The ear cushions stay comfortable through long sessions. People on calls say my voice comes through clearly. Battery drains a little faster than the advertised 36 hours.,True,26,2025-07-25
R-01529,HP-039,Naveen J.,4,Very good overall,The ear cushions stay comfortable through long sessions. A ten minute charge gives hours of playback. Mic quality drops in noisy places.,True,25,2026-07-10
R-01530,HP-039,Vikram A.,4,Happy with it,The ear cushions stay comfortable through long sessions. The bass is punchy without turning muddy. The companion controls take some getting used to.,True,1,2025-11-15
R-01531,HP-039,Imran L.,5,Absolutely love these,The ear cushions stay comfortable through long sessions. The bass is punchy without turning muddy. Connects instantly every time I open the case or switch it on.,True,23,2026-01-15
R-01532,HP-039,Karthik J.,4,Solid pick,The ear cushions stay comfortable through long sessions. A ten minute charge gives hours of playback. Battery drains a little faster than the advertised 36 hours.,True,11,2026-08-10
R-01533,HP-039,Imran T.,5,Absolutely love these,The ear cushions stay comfortable through long sessions. Fast charging has saved me more than once. People on calls say my voice comes through clearly.,True,15,2025-09-20
R-01534,HP-039,Arjun B.,3,Average for the price,The ear cushions stay comfortable through long sessions. Bluetooth dropped once or twice in a crowded area. Mic quality drops in noisy places.,True,2,2026-05-27
R-01535,HP-039,Rohan J.,4,Happy with it,The ear cushions stay comfortable through long sessions. The bass is punchy without turning muddy. Mic quality drops in noisy places.,False,18,2025-08-10
R-01536,HP-039,Deepa G.,4,Happy with it,The ear cushions stay comfortable through long sessions. The noise cancellation tunes out the metro and office chatter really well. Battery drains a little faster than the advertised 36 hours.,True,14,2025-07-21
R-01537,HP-039,Rahul A.,5,Worth every rupee,The ear cushions stay comfortable through long sessions. Great energy in the low end for the price. The mic is good enough for daily meetings.,True,26,2026-04-30
R-01538,HP-039,Tanvi D.,5,Best purchase this year,The ear cushions stay comfortable through long sessions. A ten minute charge gives hours of playback. The bass is punchy without turning muddy.,True,34,2026-03-26
R-01539,HP-039,Karthik M.,4,Very good overall,The ear cushions stay comfortable through long sessions. People on calls say my voice comes through clearly. Bluetooth dropped once or twice in a crowded area.,True,25,2025-08-31
R-01540,HP-039,Naveen J.,3,"Decent, with caveats",The ear cushions stay comfortable through long sessions. Mic quality drops in noisy places. Battery drains a little faster than the advertised 36 hours.,True,7,2026-01-02
R-01541,HP-039,Priya V.,5,Absolutely love these,The ear cushions stay comfortable through long sessions. People on calls say my voice comes through clearly. Bluetooth pairing is quick and the connection stays stable.,True,10,2025-11-06
R-01542,HP-039,Manoj A.,5,Absolutely love these,The ear cushions stay comfortable through long sessions. The mic is good enough for daily meetings. Connects instantly every time I open the case or switch it on.,True,4,2026-06-10
R-01543,HP-039,Arjun M.,4,Very good overall,The ear cushions stay comfortable through long sessions. Great energy in the low end for the price. Battery drains a little faster than the advertised 36 hours.,True,11,2025-06-24
R-01544,HP-039,Priya V.,4,Solid pick,The ear cushions stay comfortable through long sessions. Connects instantly every time I open the case or switch it on. Bluetooth dropped once or twice in a crowded area.,True,17,2026-08-22
R-01545,HP-039,Vikram L.,4,Happy with it,The ear cushions stay comfortable through long sessions. The noise cancellation tunes out the metro and office chatter really well. Sound is fine but not exceptional for the price.,True,31,2025-12-31
R-01546,HP-039,Varun V.,4,Very good overall,The ear cushions stay comfortable through long sessions. Bluetooth pairing is quick and the connection stays stable. Battery drains a little faster than the advertised 36 hours.,True,35,2026-01-26
R-01547,HP-039,Naveen K.,5,Worth every rupee,The ear cushions stay comfortable through long sessions. The bass is punchy without turning muddy. ANC makes my daily commute so much calmer.,False,0,2025-07-18
R-01548,HP-039,Nisha C.,4,Happy with it,The ear cushions stay comfortable through long sessions. The noise cancellation tunes out the metro and office chatter really well. Bluetooth dropped once or twice in a crowded area.,True,34,2025-12-23
R-01549,HP-039,Varun V.,4,Solid pick,The ear cushions stay comfortable through long sessions. A ten minute charge gives hours of playback. The companion controls take some getting used to.,True,16,2026-03-01
R-01550,HP-039,Shruti M.,4,Happy with it,The ear cushions stay comfortable through long sessions. Great energy in the low end for the price. Battery drains a little faster than the advertised 36 hours.,False,16,2025-11-09
R-01551,HP-039,Suresh B.,4,Happy with it,The ear cushions stay comfortable through long sessions. People on calls say my voice comes through clearly. Sound is fine but not exceptional for the price.,True,32,2025-11-16
R-01552,HP-039,Pooja C.,5,Best purchase this year,The ear cushions stay comfortable through long sessions. Bluetooth pairing is quick and the connection stays stable. Great energy in the low end for the price.,True,4,2026-03-30
R-01553,HP-039,Arjun K.,4,Very good overall,The ear cushions stay comfortable through long sessions. The bass is punchy without turning muddy. Mic quality drops in noisy places.,False,23,2026-02-12
R-01554,HP-039,Deepa V.,4,Very good overall,The ear cushions stay comfortable through long sessions. The mic is good enough for daily meetings. The companion controls take some getting used to.,True,36,2025-12-16
R-01555,HP-039,Arjun L.,4,Very good overall,The ear cushions stay comfortable through long sessions. A ten minute charge gives hours of playback. Bluetooth dropped once or twice in a crowded area.,True,36,2026-05-25
R-01556,HP-039,Lakshmi V.,4,Solid pick,The ear cushions stay comfortable through long sessions. Bluetooth pairing is quick and the connection stays stable. The build feels a little plasticky.,True,37,2026-02-11
R-01557,HP-039,Meera N.,4,Happy with it,The ear cushions stay comfortable through long sessions. The bass is punchy without turning muddy. Battery drains a little faster than the advertised 36 hours.,False,7,2025-09-23
R-01558,HP-039,Sneha B.,3,"Decent, with caveats",The ear cushions stay comfortable through long sessions. Sound is fine but not exceptional for the price. Bluetooth dropped once or twice in a crowded area.,True,28,2026-08-24
R-01559,HP-039,Ravi B.,5,Worth every rupee,The ear cushions stay comfortable through long sessions. The mic is good enough for daily meetings. Great energy in the low end for the price.,True,5,2026-01-06
R-01560,HP-039,Rahul H.,4,Solid pick,The ear cushions stay comfortable through long sessions. Connects instantly every time I open the case or switch it on. Mic quality drops in noisy places.,False,1,2026-04-12
R-01561,HP-040,Pooja H.,5,Absolutely love these,The ear cushions stay comfortable through long sessions. Multipoint pairing means I never re-pair anything. ANC makes my daily commute so much calmer.,False,21,2026-01-08
R-01562,HP-040,Ananya M.,4,Solid pick,The ear cushions stay comfortable through long sessions. The noise cancellation tunes out the metro and office chatter really well. Bluetooth dropped once or twice in a crowded area.,True,31,2025-07-10
R-01563,HP-040,Kavya B.,5,Worth every rupee,The ear cushions stay comfortable through long sessions. Multipoint pairing means I never re-pair anything. The noise cancellation tunes out the metro and office chatter really well.,True,10,2026-08-14
R-01564,HP-040,Sneha N.,5,Best purchase this year,The ear cushions stay comfortable through long sessions. The bass is punchy without turning muddy. Fast charging has saved me more than once.,True,7,2025-11-10
R-01565,HP-040,Aditi M.,5,Absolutely love these,The ear cushions stay comfortable through long sessions. Fast charging has saved me more than once. People on calls say my voice comes through clearly.,True,33,2026-05-02
R-01566,HP-040,Suresh E.,4,Very good overall,The ear cushions stay comfortable through long sessions. The bass is punchy without turning muddy. Battery drains a little faster than the advertised 42 hours.,True,1,2026-06-06
R-01567,HP-040,Imran R.,5,Worth every rupee,The ear cushions stay comfortable through long sessions. Switching between my laptop and phone is seamless. The mic is good enough for daily meetings.,True,6,2026-08-08
R-01568,HP-040,Varun H.,5,Absolutely love these,The ear cushions stay comfortable through long sessions. ANC makes my daily commute so much calmer. A ten minute charge gives hours of playback.,True,9,2026-08-23
R-01569,HP-040,Arjun N.,4,Happy with it,The ear cushions stay comfortable through long sessions. Multipoint pairing means I never re-pair anything. Battery drains a little faster than the advertised 42 hours.,True,9,2026-08-15
R-01570,HP-040,Ravi D.,5,Best purchase this year,The ear cushions stay comfortable through long sessions. Multipoint pairing means I never re-pair anything. People on calls say my voice comes through clearly.,True,28,2025-08-19
R-01571,HP-040,Manoj K.,5,Absolutely love these,The ear cushions stay comfortable through long sessions. The noise cancellation tunes out the metro and office chatter really well. People on calls say my voice comes through clearly.,False,17,2025-11-03
R-01572,HP-040,Ishita B.,3,Average for the price,The ear cushions stay comfortable through long sessions. The build feels a little plasticky. Battery drains a little faster than the advertised 42 hours.,True,27,2026-08-18
R-01573,HP-040,Shruti M.,4,Solid pick,The ear cushions stay comfortable through long sessions. The noise cancellation tunes out the metro and office chatter really well. Sound is fine but not exceptional for the price.,True,16,2026-06-16
R-01574,HP-040,Naveen V.,4,Happy with it,The ear cushions stay comfortable through long sessions. ANC makes my daily commute so much calmer. Battery drains a little faster than the advertised 42 hours.,True,2,2026-07-03
R-01575,HP-040,Arjun C.,5,Best purchase this year,The ear cushions stay comfortable through long sessions. People on calls say my voice comes through clearly. Switching between my laptop and phone is seamless.,False,5,2026-07-06
R-01576,HP-040,Manoj C.,3,Good but not perfect,The ear cushions stay comfortable through long sessions. Battery drains a little faster than the advertised 42 hours. Mic quality drops in noisy places.,True,3,2025-09-01
R-01577,HP-040,Divya S.,5,Absolutely love these,The ear cushions stay comfortable through long sessions. Great energy in the low end for the price. People on calls say my voice comes through clearly.,True,40,2026-08-16
R-01578,HP-040,Swathi A.,3,Average for the price,The ear cushions stay comfortable through long sessions. Bluetooth dropped once or twice in a crowded area. The companion controls take some getting used to.,True,1,2026-03-12
R-01579,HP-040,Priya D.,3,"Decent, with caveats",The ear cushions stay comfortable through long sessions. The build feels a little plasticky. Bluetooth dropped once or twice in a crowded area.,True,4,2026-05-19
R-01580,HP-040,Swathi R.,4,Solid pick,The ear cushions stay comfortable through long sessions. Multipoint pairing means I never re-pair anything. Bluetooth dropped once or twice in a crowded area.,False,3,2025-06-11
R-01581,HP-040,Rohan A.,4,Very good overall,The ear cushions stay comfortable through long sessions. Great energy in the low end for the price. Mic quality drops in noisy places.,False,11,2026-07-13
R-01582,HP-040,Karthik A.,4,Happy with it,The ear cushions stay comfortable through long sessions. The mic is good enough for daily meetings. Mic quality drops in noisy places.,True,30,2025-07-27
R-01583,HP-040,Ravi R.,4,Solid pick,The ear cushions stay comfortable through long sessions. A ten minute charge gives hours of playback. The build feels a little plasticky.,True,22,2026-05-31
R-01584,HP-040,Harish S.,4,Very good overall,The ear cushions stay comfortable through long sessions. ANC makes my daily commute so much calmer. The build feels a little plasticky.,True,34,2025-11-13
R-01585,HP-040,Ishita R.,5,Absolutely love these,The ear cushions stay comfortable through long sessions. Bluetooth pairing is quick and the connection stays stable. Switching between my laptop and phone is seamless.,False,23,2026-08-01
R-01586,HP-040,Aditi J.,5,Worth every rupee,The ear cushions stay comfortable through long sessions. A ten minute charge gives hours of playback. Multipoint pairing means I never re-pair anything.,True,39,2025-10-02
R-01587,HP-040,Siddharth S.,5,Absolutely love these,The ear cushions stay comfortable through long sessions. Bluetooth pairing is quick and the connection stays stable. ANC makes my daily commute so much calmer.,True,11,2026-06-07
R-01588,HP-040,Tanvi M.,3,Good but not perfect,The ear cushions stay comfortable through long sessions. The build feels a little plasticky. Bluetooth dropped once or twice in a crowded area.,True,2,2026-02-05
R-01589,HP-040,Ishita H.,5,Worth every rupee,The ear cushions stay comfortable through long sessions. Switching between my laptop and phone is seamless. Bluetooth pairing is quick and the connection stays stable.,False,35,2026-01-25
R-01590,HP-040,Aarav C.,5,Worth every rupee,The ear cushions stay comfortable through long sessions. Bluetooth pairing is quick and the connection stays stable. Great energy in the low end for the price.,True,19,2026-05-22
R-01591,HP-040,Pooja C.,5,Worth every rupee,The ear cushions stay comfortable through long sessions. ANC makes my daily commute so much calmer. People on calls say my voice comes through clearly.,True,40,2026-03-20
R-01592,HP-040,Shruti S.,4,Solid pick,The ear cushions stay comfortable through long sessions. Great energy in the low end for the price. Battery drains a little faster than the advertised 42 hours.,True,25,2026-08-04
R-01593,HP-040,Imran B.,4,Happy with it,The ear cushions stay comfortable through long sessions. People on calls say my voice comes through clearly. Mic quality drops in noisy places.,False,25,2026-05-01
R-01594,HP-040,Shruti H.,5,Best purchase this year,The ear cushions stay comfortable through long sessions. A ten minute charge gives hours of playback. Connects instantly every time I open the case or switch it on.,True,39,2025-06-08
R-01595,HP-040,Siddharth T.,5,Worth every rupee,The ear cushions stay comfortable through long sessions. The bass is punchy without turning muddy. The mic is good enough for daily meetings.,True,25,2025-08-30
R-01596,HP-040,Tanvi R.,4,Happy with it,The ear cushions stay comfortable through long sessions. Multipoint pairing means I never re-pair anything. Mic quality drops in noisy places.,True,5,2025-06-19
R-01597,HP-040,Kavya R.,5,Absolutely love these,The ear cushions stay comfortable through long sessions. A ten minute charge gives hours of playback. ANC makes my daily commute so much calmer.,True,7,2025-07-18
R-01598,HP-040,Deepa H.,3,Good but not perfect,The ear cushions stay comfortable through long sessions. Battery drains a little faster than the advertised 42 hours. Mic quality drops in noisy places.,False,23,2026-05-25
R-01599,HP-040,Nisha S.,3,Good but not perfect,The ear cushions stay comfortable through long sessions. Sound is fine but not exceptional for the price. Battery drains a little faster than the advertised 42 hours.,True,5,2025-08-30
R-01600,HP-040,Rahul B.,3,Good but not perfect,The ear cushions stay comfortable through long sessions. Bluetooth dropped once or twice in a crowded area. The build feels a little plasticky.,True,12,2026-01-15
R-01601,HP-040,Suresh G.,5,Absolutely love these,The ear cushions stay comfortable through long sessions. Bluetooth pairing is quick and the connection stays stable. The mic is good enough for daily meetings.,True,32,2025-07-15
R-01602,HP-040,Swathi H.,3,"Decent, with caveats",The ear cushions stay comfortable through long sessions. Battery drains a little faster than the advertised 42 hours. Mic quality drops in noisy places.,True,5,2026-02-20
R-01603,HP-040,Faisal R.,4,Happy with it,The ear cushions stay comfortable through long sessions. Fast charging has saved me more than once. Bluetooth dropped once or twice in a crowded area.,True,37,2025-09-20
R-01604,HP-040,Aditi S.,5,Best purchase this year,The ear cushions stay comfortable through long sessions. People on calls say my voice comes through clearly. Great energy in the low end for the price.,True,3,2025-08-28
R-01605,HP-040,Manoj V.,4,Happy with it,The ear cushions stay comfortable through long sessions. Switching between my laptop and phone is seamless. Battery drains a little faster than the advertised 42 hours.,True,7,2026-03-04
R-01606,HP-040,Manoj D.,5,Best purchase this year,The ear cushions stay comfortable through long sessions. Switching between my laptop and phone is seamless. Fast charging has saved me more than once.,True,18,2025-06-04
R-01607,HP-040,Swathi V.,5,Best purchase this year,The ear cushions stay comfortable through long sessions. The noise cancellation tunes out the metro and office chatter really well. A ten minute charge gives hours of playback.,True,19,2025-11-19
R-01608,HP-040,Kavya J.,5,Best purchase this year,The ear cushions stay comfortable through long sessions. Switching between my laptop and phone is seamless. Connects instantly every time I open the case or switch it on.,True,31,2025-11-26
R-01609,HP-040,Deepa K.,4,Solid pick,The ear cushions stay comfortable through long sessions. Multipoint pairing means I never re-pair anything. Battery drains a little faster than the advertised 42 hours.,True,4,2026-06-21
R-01610,HP-040,Suresh E.,4,Solid pick,The ear cushions stay comfortable through long sessions. ANC makes my daily commute so much calmer. Bluetooth dropped once or twice in a crowded area.,True,17,2026-06-24
R-01611,HP-040,Nisha S.,4,Solid pick,The ear cushions stay comfortable through long sessions. ANC makes my daily commute so much calmer. Bluetooth dropped once or twice in a crowded area.,True,35,2025-09-08
R-01612,HP-041,Aarav J.,4,Solid pick,The ear cushions stay comfortable through long sessions. The mic is good enough for daily meetings. The build feels a little plasticky.,False,33,2025-12-11
R-01613,HP-041,Rohan G.,5,Best purchase this year,The ear cushions stay comfortable through long sessions. Connects instantly every time I open the case or switch it on. Folds flat and slips into my bag easily.,False,23,2025-06-06
R-01614,HP-041,Karthik M.,5,Best purchase this year,The ear cushions stay comfortable through long sessions. People on calls say my voice comes through clearly. Folds flat and slips into my bag easily.,True,5,2025-09-09
R-01615,HP-041,Karthik V.,5,Absolutely love these,The ear cushions stay comfortable through long sessions. The foldable frame is great for travel. Bluetooth pairing is quick and the connection stays stable.,True,25,2026-04-21
R-01616,HP-041,Rohan G.,4,Happy with it,The ear cushions stay comfortable through long sessions. People on calls say my voice comes through clearly. A bit heavy after a couple of hours of use.,False,21,2026-01-04
R-01617,HP-041,Shruti G.,5,Best purchase this year,The ear cushions stay comfortable through long sessions. People on calls say my voice comes through clearly. Connects instantly every time I open the case or switch it on.,True,13,2025-10-30
R-01618,HP-041,Ananya B.,5,Worth every rupee,The ear cushions stay comfortable through long sessions. Folds flat and slips into my bag easily. People on calls say my voice comes through clearly.,True,27,2025-10-27
R-01619,HP-041,Siddharth P.,4,Happy with it,The ear cushions stay comfortable through long sessions. Bluetooth pairing is quick and the connection stays stable. Battery drains a little faster than the advertised 28 hours.,True,8,2026-05-01
R-01620,HP-041,Aditi K.,5,Worth every rupee,The ear cushions stay comfortable through long sessions. The mic is good enough for daily meetings. Folds flat and slips into my bag easily.,False,29,2026-08-02
R-01621,HP-041,Naveen E.,5,Best purchase this year,The ear cushions stay comfortable through long sessions. The mic is good enough for daily meetings. Folds flat and slips into my bag easily.,True,1,2025-12-01
R-01622,HP-041,Swathi N.,5,Worth every rupee,The ear cushions stay comfortable through long sessions. The foldable frame is great for travel. Bluetooth pairing is quick and the connection stays stable.,True,13,2025-07-24
R-01623,HP-041,Lakshmi N.,5,Absolutely love these,The ear cushions stay comfortable through long sessions. Bluetooth pairing is quick and the connection stays stable. People on calls say my voice comes through clearly.,True,32,2026-01-23
R-01624,HP-041,Manoj M.,5,Absolutely love these,The ear cushions stay comfortable through long sessions. The mic is good enough for daily meetings. The foldable frame is great for travel.,True,21,2026-04-27
R-01625,HP-041,Faisal V.,3,Average for the price,The ear cushions stay comfortable through long sessions. Mic quality drops in noisy places. A bit heavy after a couple of hours of use.,True,14,2026-08-18
R-01626,HP-041,Faisal T.,3,Average for the price,The ear cushions stay comfortable through long sessions. Sound is fine but not exceptional for the price. Wish it had noise cancellation at this price.,False,15,2026-05-02
R-01627,HP-041,Varun T.,4,Solid pick,The ear cushions stay comfortable through long sessions. The foldable frame is great for travel. The build feels a little plasticky.,True,20,2026-06-29
R-01628,HP-041,Aarav E.,5,Absolutely love these,The ear cushions stay comfortable through long sessions. Connects instantly every time I open the case or switch it on. The mic is good enough for daily meetings.,True,32,2025-08-16
R-01629,HP-041,Divya H.,5,Best purchase this year,The ear cushions stay comfortable through long sessions. The foldable frame is great for travel. Connects instantly every time I open the case or switch it on.,True,6,2026-06-17
R-01630,HP-041,Faisal A.,4,Very good overall,The ear cushions stay comfortable through long sessions. Connects instantly every time I open the case or switch it on. Mic quality drops in noisy places.,True,28,2025-07-21
R-01631,HP-041,Lakshmi B.,5,Absolutely love these,The ear cushions stay comfortable through long sessions. The foldable frame is great for travel. People on calls say my voice comes through clearly.,True,14,2026-03-12
R-01632,HP-041,Pooja N.,4,Solid pick,The ear cushions stay comfortable through long sessions. Bluetooth pairing is quick and the connection stays stable. A bit heavy after a couple of hours of use.,False,35,2026-05-29
R-01633,HP-041,Karthik E.,5,Absolutely love these,The ear cushions stay comfortable through long sessions. The foldable frame is great for travel. Bluetooth pairing is quick and the connection stays stable.,True,40,2026-05-26
R-01634,HP-041,Ravi J.,4,Solid pick,The ear cushions stay comfortable through long sessions. Bluetooth pairing is quick and the connection stays stable. A bit heavy after a couple of hours of use.,True,19,2026-08-20
R-01635,HP-041,Deepa M.,5,Best purchase this year,The ear cushions stay comfortable through long sessions. Connects instantly every time I open the case or switch it on. The mic is good enough for daily meetings.,False,4,2025-07-02
R-01636,HP-041,Naveen N.,4,Solid pick,The ear cushions stay comfortable through long sessions. Connects instantly every time I open the case or switch it on. A bit heavy after a couple of hours of use.,False,4,2025-11-09
R-01637,HP-041,Aditi E.,3,Good but not perfect,The ear cushions stay comfortable through long sessions. Wish it had noise cancellation at this price. Bluetooth dropped once or twice in a crowded area.,True,20,2025-08-21
R-01638,HP-041,Rohan L.,3,Average for the price,The ear cushions stay comfortable through long sessions. Wish it had noise cancellation at this price. A bit heavy after a couple of hours of use.,True,16,2026-04-23
R-01639,HP-041,Tanvi N.,5,Best purchase this year,The ear cushions stay comfortable through long sessions. The mic is good enough for daily meetings. Bluetooth pairing is quick and the connection stays stable.,True,8,2025-12-10
R-01640,HP-041,Aarav K.,3,Good but not perfect,The ear cushions stay comfortable through long sessions. Wish it had noise cancellation at this price. Battery drains a little faster than the advertised 28 hours.,True,3,2025-12-02
R-01641,HP-041,Faisal T.,5,Absolutely love these,The ear cushions stay comfortable through long sessions. The foldable frame is great for travel. Bluetooth pairing is quick and the connection stays stable.,True,18,2025-12-11
R-01642,HP-041,Arjun D.,4,Solid pick,The ear cushions stay comfortable through long sessions. The foldable frame is great for travel. The build feels a little plasticky.,True,2,2026-05-02
R-01643,HP-041,Arjun E.,4,Happy with it,The ear cushions stay comfortable through long sessions. The foldable frame is great for travel. Battery drains a little faster than the advertised 28 hours.,True,10,2025-08-20
R-01644,HP-041,Meera R.,5,Absolutely love these,The ear cushions stay comfortable through long sessions. The mic is good enough for daily meetings. Bluetooth pairing is quick and the connection stays stable.,False,6,2025-11-09
R-01645,HP-041,Priya A.,4,Happy with it,The ear cushions stay comfortable through long sessions. Bluetooth pairing is quick and the connection stays stable. Mic quality drops in noisy places.,True,17,2025-06-13
R-01646,HP-041,Tanvi P.,5,Best purchase this year,The ear cushions stay comfortable through long sessions. The mic is good enough for daily meetings. Folds flat and slips into my bag easily.,True,17,2026-01-29
R-01647,HP-042,Aditi S.,5,Best purchase this year,The ear cushions stay comfortable through long sessions. Folds flat and slips into my bag easily. People on calls say my voice comes through clearly.,True,39,2025-09-05
R-01648,HP-042,Faisal T.,4,Solid pick,The ear cushions stay comfortable through long sessions. The mic is good enough for daily meetings. Battery drains a little faster than the advertised 40 hours.,False,14,2026-05-25
R-01649,HP-042,Tanvi A.,4,Very good overall,The ear cushions stay comfortable through long sessions. Multipoint pairing means I never re-pair anything. Mic quality drops in noisy places.,False,35,2026-01-23
R-01650,HP-042,Arjun T.,5,Absolutely love these,The ear cushions stay comfortable through long sessions. People on calls say my voice comes through clearly. Connects instantly every time I open the case or switch it on.,True,38,2025-11-25
R-01651,HP-042,Priya E.,5,Absolutely love these,The ear cushions stay comfortable through long sessions. The foldable frame is great for travel. Connects instantly every time I open the case or switch it on.,True,14,2026-04-20
R-01652,HP-042,Suresh R.,5,Absolutely love these,The ear cushions stay comfortable through long sessions. The foldable frame is great for travel. Fast charging has saved me more than once.,True,22,2026-08-20
R-01653,HP-042,Faisal J.,4,Happy with it,The ear cushions stay comfortable through long sessions. Fast charging has saved me more than once. Bluetooth dropped once or twice in a crowded area.,True,10,2026-04-09
R-01654,HP-042,Shruti V.,5,Absolutely love these,The ear cushions stay comfortable through long sessions. Switching between my laptop and phone is seamless. Bluetooth pairing is quick and the connection stays stable.,True,22,2025-12-20
R-01655,HP-042,Nisha K.,4,Solid pick,The ear cushions stay comfortable through long sessions. Bluetooth pairing is quick and the connection stays stable. Mic quality drops in noisy places.,True,15,2026-03-28
R-01656,HP-042,Varun V.,4,Happy with it,The ear cushions stay comfortable through long sessions. The mic is good enough for daily meetings. The companion controls take some getting used to.,True,0,2026-07-15
R-01657,HP-042,Ravi K.,5,Worth every rupee,The ear cushions stay comfortable through long sessions. Connects instantly every time I open the case or switch it on. The mic is good enough for daily meetings.,True,20,2025-12-28
R-01658,HP-042,Naveen R.,5,Absolutely love these,The ear cushions stay comfortable through long sessions. Switching between my laptop and phone is seamless. People on calls say my voice comes through clearly.,False,5,2025-08-19
R-01659,HP-042,Lakshmi T.,4,Happy with it,The ear cushions stay comfortable through long sessions. The foldable frame is great for travel. Battery drains a little faster than the advertised 40 hours.,True,6,2026-02-05
R-01660,HP-042,Pooja N.,4,Happy with it,The ear cushions stay comfortable through long sessions. ANC makes my daily commute so much calmer. Bluetooth dropped once or twice in a crowded area.,True,25,2026-08-06
R-01661,HP-042,Ravi R.,5,Worth every rupee,The ear cushions stay comfortable through long sessions. The foldable frame is great for travel. Fast charging has saved me more than once.,True,11,2026-04-12
R-01662,HP-042,Rahul B.,5,Best purchase this year,The ear cushions stay comfortable through long sessions. A ten minute charge gives hours of playback. ANC makes my daily commute so much calmer.,True,10,2026-01-06
R-01663,HP-042,Kavya A.,4,Happy with it,The ear cushions stay comfortable through long sessions. ANC makes my daily commute so much calmer. Battery drains a little faster than the advertised 40 hours.,False,10,2026-08-17
R-01664,HP-042,Rahul S.,5,Absolutely love these,The ear cushions stay comfortable through long sessions. Switching between my laptop and phone is seamless. Folds flat and slips into my bag easily.,True,38,2025-10-06
R-01665,HP-042,Deepa M.,5,Worth every rupee,The ear cushions stay comfortable through long sessions. A ten minute charge gives hours of playback. ANC makes my daily commute so much calmer.,True,20,2025-11-05
R-01666,HP-042,Siddharth M.,5,Best purchase this year,The ear cushions stay comfortable through long sessions. Connects instantly every time I open the case or switch it on. The foldable frame is great for travel.,True,26,2026-01-30
R-01667,HP-042,Shruti H.,4,Very good overall,The ear cushions stay comfortable through long sessions. Switching between my laptop and phone is seamless. Bluetooth dropped once or twice in a crowded area.,True,5,2026-07-03
R-01668,HP-042,Arjun E.,5,Worth every rupee,The ear cushions stay comfortable through long sessions. Folds flat and slips into my bag easily. Fast charging has saved me more than once.,True,32,2026-08-14
R-01669,HP-042,Ishita B.,4,Happy with it,The ear cushions stay comfortable through long sessions. The noise cancellation tunes out the metro and office chatter really well. The build feels a little plasticky.,True,28,2025-09-10
R-01670,HP-042,Aarav L.,5,Best purchase this year,The ear cushions stay comfortable through long sessions. People on calls say my voice comes through clearly. The noise cancellation tunes out the metro and office chatter really well.,True,8,2026-08-27
R-01671,HP-042,Ishita S.,5,Absolutely love these,The ear cushions stay comfortable through long sessions. The foldable frame is great for travel. The mic is good enough for daily meetings.,True,18,2026-05-18
R-01672,HP-043,Suresh S.,4,Very good overall,Light on-ear fit that is easy to wear all day. Handled a surprise rain shower on my run just fine. Battery drains a little faster than the advertised 28 hours.,True,6,2025-11-23
R-01673,HP-043,Imran V.,4,Happy with it,Light on-ear fit that is easy to wear all day. The mic is good enough for daily meetings. Bluetooth dropped once or twice in a crowded area.,True,21,2026-08-14
R-01674,HP-043,Nisha H.,3,Good but not perfect,Light on-ear fit that is easy to wear all day. Mic quality drops in noisy places. The companion controls take some getting used to.,True,40,2025-06-01
R-01675,HP-043,Ravi S.,5,Worth every rupee,Light on-ear fit that is easy to wear all day. Connects instantly every time I open the case or switch it on. Folds flat and slips into my bag easily.,True,14,2025-07-29
R-01676,HP-043,Karthik L.,3,Good but not perfect,Light on-ear fit that is easy to wear all day. Wish it had noise cancellation at this price. Battery drains a little faster than the advertised 28 hours.,True,17,2025-07-28
R-01677,HP-043,Ishita G.,2,Not great,Mic quality drops in noisy places. Bluetooth dropped once or twice in a crowded area. Expected better for the price.,True,12,2026-04-08
R-01678,HP-043,Ananya E.,5,Absolutely love these,Light on-ear fit that is easy to wear all day. Handled a surprise rain shower on my run just fine. The foldable frame is great for travel.,False,24,2026-07-27
R-01679,HP-043,Rohan G.,5,Absolutely love these,Light on-ear fit that is easy to wear all day. Folds flat and slips into my bag easily. The mic is good enough for daily meetings.,True,2,2025-08-12
R-01680,HP-043,Meera V.,5,Absolutely love these,Light on-ear fit that is easy to wear all day. Handled a surprise rain shower on my run just fine. Folds flat and slips into my bag easily.,False,2,2026-07-29
R-01681,HP-043,Kavya M.,4,Solid pick,Light on-ear fit that is easy to wear all day. Survives sweaty gym sessions without any trouble. Wish it had noise cancellation at this price.,True,27,2025-07-17
R-01682,HP-043,Ananya H.,4,Happy with it,Light on-ear fit that is easy to wear all day. Bluetooth pairing is quick and the connection stays stable. The companion controls take some getting used to.,True,15,2026-04-21
R-01683,HP-043,Lakshmi N.,4,Very good overall,Light on-ear fit that is easy to wear all day. Connects instantly every time I open the case or switch it on. Mic quality drops in noisy places.,True,26,2025-06-19
R-01684,HP-043,Arjun T.,5,Worth every rupee,Light on-ear fit that is easy to wear all day. The foldable frame is great for travel. Handled a surprise rain shower on my run just fine.,True,14,2025-08-20
R-01685,HP-043,Varun A.,4,Solid pick,Light on-ear fit that is easy to wear all day. Survives sweaty gym sessions without any trouble. Wish it had noise cancellation at this price.,False,30,2025-11-30
R-01686,HP-043,Vikram B.,4,Solid pick,Light on-ear fit that is easy to wear all day. People on calls say my voice comes through clearly. Mic quality drops in noisy places.,True,26,2026-06-07
R-01687,HP-043,Manoj V.,4,Solid pick,Light on-ear fit that is easy to wear all day. Folds flat and slips into my bag easily. Mic quality drops in noisy places.,True,16,2026-04-05
R-01688,HP-043,Aarav R.,4,Very good overall,Light on-ear fit that is easy to wear all day. Connects instantly every time I open the case or switch it on. The companion controls take some getting used to.,True,36,2026-03-16
R-01689,HP-043,Priya J.,4,Happy with it,Light on-ear fit that is easy to wear all day. The mic is good enough for daily meetings. Wish it had noise cancellation at this price.,False,17,2026-01-20
R-01690,HP-043,Imran S.,4,Very good overall,Light on-ear fit that is easy to wear all day. Handled a surprise rain shower on my run just fine. Wish it had noise cancellation at this price.,True,38,2026-06-26
R-01691,HP-043,Sneha S.,4,Solid pick,Light on-ear fit that is easy to wear all day. People on calls say my voice comes through clearly. Bluetooth dropped once or twice in a crowded area.,True,36,2026-09-04
R-01692,HP-043,Karthik R.,4,Happy with it,Light on-ear fit that is easy to wear all day. Handled a surprise rain shower on my run just fine. Wish it had noise cancellation at this price.,True,36,2025-10-12
R-01693,HP-043,Rohan E.,3,Good but not perfect,Light on-ear fit that is easy to wear all day. Mic quality drops in noisy places. The companion controls take some getting used to.,False,13,2026-07-20
R-01694,HP-043,Shruti C.,4,Happy with it,Light on-ear fit that is easy to wear all day. Handled a surprise rain shower on my run just fine. Bluetooth dropped once or twice in a crowded area.,False,19,2026-04-28
R-01695,HP-043,Vikram V.,4,Happy with it,Light on-ear fit that is easy to wear all day. Survives sweaty gym sessions without any trouble. Wish it had noise cancellation at this price.,False,27,2026-05-28
R-01696,HP-043,Suresh T.,4,Solid pick,Light on-ear fit that is easy to wear all day. Handled a surprise rain shower on my run just fine. Bluetooth dropped once or twice in a crowded area.,True,7,2025-06-01
R-01697,HP-043,Nisha L.,5,Absolutely love these,Light on-ear fit that is easy to wear all day. Handled a surprise rain shower on my run just fine. People on calls say my voice comes through clearly.,False,19,2026-08-01
R-01698,HP-043,Harish C.,4,Solid pick,Light on-ear fit that is easy to wear all day. Bluetooth pairing is quick and the connection stays stable. Mic quality drops in noisy places.,True,8,2026-04-29
R-01699,HP-043,Lakshmi N.,3,Average for the price,Light on-ear fit that is easy to wear all day. Bluetooth dropped once or twice in a crowded area. Wish it had noise cancellation at this price.,True,26,2026-06-13
R-01700,HP-043,Swathi S.,5,Absolutely love these,Light on-ear fit that is easy to wear all day. The foldable frame is great for travel. Handled a surprise rain shower on my run just fine.,True,21,2026-04-16
R-01701,HP-043,Ananya P.,3,Good but not perfect,Light on-ear fit that is easy to wear all day. Mic quality drops in noisy places. The companion controls take some getting used to.,False,29,2025-08-02
R-01702,HP-043,Imran P.,3,Average for the price,Light on-ear fit that is easy to wear all day. Wish it had noise cancellation at this price. The build feels a little plasticky.,True,2,2026-08-18
R-01703,HP-043,Siddharth V.,4,Happy with it,Light on-ear fit that is easy to wear all day. Bluetooth pairing is quick and the connection stays stable. Bluetooth dropped once or twice in a crowded area.,True,23,2025-11-23
R-01704,HP-043,Nisha V.,5,Worth every rupee,Light on-ear fit that is easy to wear all day. Survives sweaty gym sessions without any trouble. Folds flat and slips into my bag easily.,False,31,2026-04-13
R-01705,HP-043,Nisha M.,4,Solid pick,Light on-ear fit that is easy to wear all day. People on calls say my voice comes through clearly. Wish it had noise cancellation at this price.,True,21,2025-08-17
R-01706,HP-044,Rohan D.,5,Best purchase this year,Light on-ear fit that is easy to wear all day. Connects instantly every time I open the case or switch it on. The noise cancellation tunes out the metro and office chatter really well.,True,22,2026-06-23
R-01707,HP-044,Lakshmi G.,4,Happy with it,Light on-ear fit that is easy to wear all day. The foldable frame is great for travel. Bluetooth dropped once or twice in a crowded area.,True,0,2025-12-03
R-01708,HP-044,Ananya R.,4,Happy with it,Light on-ear fit that is easy to wear all day. ANC makes my daily commute so much calmer. Bluetooth dropped once or twice in a crowded area.,True,11,2026-02-01
R-01709,HP-044,Tanvi R.,4,Happy with it,Light on-ear fit that is easy to wear all day. The noise cancellation tunes out the metro and office chatter really well. The build feels a little plasticky.,True,34,2026-05-21
R-01710,HP-044,Deepa T.,5,Best purchase this year,Light on-ear fit that is easy to wear all day. Connects instantly every time I open the case or switch it on. Fast charging has saved me more than once.,True,39,2026-07-06
R-01711,HP-044,Manoj N.,4,Happy with it,Light on-ear fit that is easy to wear all day. Connects instantly every time I open the case or switch it on. Mic quality drops in noisy places.,True,13,2026-01-03
R-01712,HP-044,Faisal E.,5,Worth every rupee,Light on-ear fit that is easy to wear all day. The foldable frame is great for travel. People on calls say my voice comes through clearly.,False,18,2025-09-24
R-01713,HP-044,Aditi D.,4,Very good overall,Light on-ear fit that is easy to wear all day. The foldable frame is great for travel. Mic quality drops in noisy places.,False,27,2026-03-06
R-01714,HP-044,Tanvi V.,5,Worth every rupee,Light on-ear fit that is easy to wear all day. A ten minute charge gives hours of playback. ANC makes my daily commute so much calmer.,True,12,2025-07-13
R-01715,HP-044,Deepa J.,5,Best purchase this year,Light on-ear fit that is easy to wear all day. The foldable frame is great for travel. The mic is good enough for daily meetings.,False,26,2025-12-31
R-01716,HP-044,Swathi N.,2,Not great,Bluetooth dropped once or twice in a crowded area. Sound is fine but not exceptional for the price. Expected better for the price.,True,23,2026-08-18
R-01717,HP-044,Tanvi T.,4,Happy with it,Light on-ear fit that is easy to wear all day. Fast charging has saved me more than once. Battery drains a little faster than the advertised 34 hours.,True,29,2025-11-07
R-01718,HP-044,Ishita D.,3,"Decent, with caveats",Light on-ear fit that is easy to wear all day. Battery drains a little faster than the advertised 34 hours. Sound is fine but not exceptional for the price.,True,37,2026-05-21
R-01719,HP-044,Varun D.,4,Happy with it,Light on-ear fit that is easy to wear all day. People on calls say my voice comes through clearly. Mic quality drops in noisy places.,True,15,2025-12-05
R-01720,HP-044,Rohan V.,5,Best purchase this year,Light on-ear fit that is easy to wear all day. ANC makes my daily commute so much calmer. A ten minute charge gives hours of playback.,True,0,2025-07-13
R-01721,HP-044,Nisha R.,4,Very good overall,Light on-ear fit that is easy to wear all day. Fast charging has saved me more than once. Bluetooth dropped once or twice in a crowded area.,False,7,2026-07-14
R-01722,HP-044,Sneha D.,4,Happy with it,Light on-ear fit that is easy to wear all day. ANC makes my daily commute so much calmer. Sound is fine but not exceptional for the price.,True,28,2026-08-22
R-01723,HP-045,Aditi G.,4,Very good overall,The ear cushions stay comfortable through long sessions. Multipoint pairing means I never re-pair anything. Bluetooth dropped once or twice in a crowded area.,True,25,2026-05-13
R-01724,HP-045,Naveen K.,5,Absolutely love these,The ear cushions stay comfortable through long sessions. Multipoint pairing means I never re-pair anything. Fast charging has saved me more than once.,True,13,2026-01-18
R-01725,HP-045,Ishita G.,4,Very good overall,The ear cushions stay comfortable through long sessions. Bluetooth pairing is quick and the connection stays stable. Mic quality drops in noisy places.,False,10,2026-02-20
R-01726,HP-045,Ananya V.,5,Absolutely love these,The ear cushions stay comfortable through long sessions. Connects instantly every time I open the case or switch it on. Fast charging has saved me more than once.,True,11,2025-07-10
R-01727,HP-045,Imran P.,5,Best purchase this year,The ear cushions stay comfortable through long sessions. Switching between my laptop and phone is seamless. A ten minute charge gives hours of playback.,False,16,2026-05-15
R-01728,HP-045,Tanvi G.,4,Solid pick,The ear cushions stay comfortable through long sessions. People on calls say my voice comes through clearly. Battery drains a little faster than the advertised 35 hours.,False,20,2026-07-15
R-01729,HP-045,Nisha P.,3,"Decent, with caveats",The ear cushions stay comfortable through long sessions. Battery drains a little faster than the advertised 35 hours. Bluetooth dropped once or twice in a crowded area.,True,29,2025-08-11
R-01730,HP-045,Swathi D.,5,Absolutely love these,The ear cushions stay comfortable through long sessions. Switching between my laptop and phone is seamless. Bluetooth pairing is quick and the connection stays stable.,True,20,2026-01-04
R-01731,HP-045,Rohan S.,3,Good but not perfect,The ear cushions stay comfortable through long sessions. Battery drains a little faster than the advertised 35 hours. Bluetooth dropped once or twice in a crowded area.,True,1,2025-11-15
R-01732,HP-045,Shruti M.,4,Happy with it,The ear cushions stay comfortable through long sessions. Switching between my laptop and phone is seamless. Mic quality drops in noisy places.,True,22,2026-03-29
R-01733,HP-045,Naveen P.,5,Best purchase this year,The ear cushions stay comfortable through long sessions. Fast charging has saved me more than once. Connects instantly every time I open the case or switch it on.,False,21,2025-08-10
R-01734,HP-045,Arjun E.,5,Best purchase this year,The ear cushions stay comfortable through long sessions. ANC makes my daily commute so much calmer. People on calls say my voice comes through clearly.,True,10,2026-05-21
R-01735,HP-045,Ravi D.,5,Best purchase this year,The ear cushions stay comfortable through long sessions. Switching between my laptop and phone is seamless. A ten minute charge gives hours of playback.,True,27,2026-04-20
R-01736,HP-045,Priya R.,4,Solid pick,The ear cushions stay comfortable through long sessions. Fast charging has saved me more than once. Battery drains a little faster than the advertised 35 hours.,True,33,2026-03-12
R-01737,HP-045,Deepa H.,5,Best purchase this year,The ear cushions stay comfortable through long sessions. The mic is good enough for daily meetings. Bluetooth pairing is quick and the connection stays stable.,True,23,2026-04-30
R-01738,HP-045,Pooja J.,3,"Decent, with caveats",The ear cushions stay comfortable through long sessions. Battery drains a little faster than the advertised 35 hours. Mic quality drops in noisy places.,True,35,2025-09-04
R-01739,HP-045,Deepa N.,5,Best purchase this year,The ear cushions stay comfortable through long sessions. The mic is good enough for daily meetings. Bluetooth pairing is quick and the connection stays stable.,True,23,2025-08-12
R-01740,HP-045,Rohan L.,5,Best purchase this year,The ear cushions stay comfortable through long sessions. Multipoint pairing means I never re-pair anything. People on calls say my voice comes through clearly.,True,17,2025-11-15
R-01741,HP-045,Imran G.,4,Very good overall,The ear cushions stay comfortable through long sessions. Connects instantly every time I open the case or switch it on. Battery drains a little faster than the advertised 35 hours.,True,28,2026-08-05
R-01742,HP-045,Karthik E.,4,Very good overall,The ear cushions stay comfortable through long sessions. Multipoint pairing means I never re-pair anything. Bluetooth dropped once or twice in a crowded area.,False,9,2026-04-19
R-01743,HP-045,Imran R.,5,Absolutely love these,The ear cushions stay comfortable through long sessions. The mic is good enough for daily meetings. ANC makes my daily commute so much calmer.,True,13,2025-09-29
R-01744,HP-045,Kavya P.,5,Absolutely love these,The ear cushions stay comfortable through long sessions. Switching between my laptop and phone is seamless. Connects instantly every time I open the case or switch it on.,True,13,2026-03-01
R-01745,HP-045,Shruti L.,4,Happy with it,The ear cushions stay comfortable through long sessions. The noise cancellation tunes out the metro and office chatter really well. Bluetooth dropped once or twice in a crowded area.,True,13,2025-12-21
R-01746,HP-045,Tanvi P.,5,Absolutely love these,The ear cushions stay comfortable through long sessions. Multipoint pairing means I never re-pair anything. The mic is good enough for daily meetings.,True,38,2026-03-11
R-01747,HP-045,Suresh K.,4,Happy with it,The ear cushions stay comfortable through long sessions. Switching between my laptop and phone is seamless. Bluetooth dropped once or twice in a crowded area.,True,22,2026-03-28
R-01748,HP-045,Nisha D.,5,Best purchase this year,The ear cushions stay comfortable through long sessions. A ten minute charge gives hours of playback. Switching between my laptop and phone is seamless.,True,39,2025-08-05
R-01749,HP-045,Rahul R.,5,Absolutely love these,The ear cushions stay comfortable through long sessions. Bluetooth pairing is quick and the connection stays stable. The mic is good enough for daily meetings.,True,13,2025-06-22
R-01750,HP-045,Swathi G.,5,Absolutely love these,The ear cushions stay comfortable through long sessions. The mic is good enough for daily meetings. Fast charging has saved me more than once.,True,36,2026-08-07
R-01751,HP-045,Deepa M.,5,Best purchase this year,The ear cushions stay comfortable through long sessions. A ten minute charge gives hours of playback. Switching between my laptop and phone is seamless.,True,12,2026-04-24
R-01752,HP-045,Lakshmi C.,5,Absolutely love these,The ear cushions stay comfortable through long sessions. The mic is good enough for daily meetings. ANC makes my daily commute so much calmer.,False,12,2025-10-16
R-01753,HP-045,Harish M.,4,Solid pick,The ear cushions stay comfortable through long sessions. Bluetooth pairing is quick and the connection stays stable. Bluetooth dropped once or twice in a crowded area.,True,12,2025-06-26
R-01754,HP-045,Manoj N.,5,Worth every rupee,The ear cushions stay comfortable through long sessions. A ten minute charge gives hours of playback. The mic is good enough for daily meetings.,False,17,2026-04-11
R-01755,HP-045,Rahul T.,5,Absolutely love these,The ear cushions stay comfortable through long sessions. The noise cancellation tunes out the metro and office chatter really well. A ten minute charge gives hours of playback.,True,23,2025-12-23
R-01756,HP-045,Kavya A.,5,Absolutely love these,The ear cushions stay comfortable through long sessions. Fast charging has saved me more than once. Connects instantly every time I open the case or switch it on.,True,32,2026-05-20
R-01757,HP-045,Ananya L.,4,Very good overall,The ear cushions stay comfortable through long sessions. Fast charging has saved me more than once. Bluetooth dropped once or twice in a crowded area.,True,24,2025-12-06
R-01758,HP-045,Priya E.,5,Worth every rupee,The ear cushions stay comfortable through long sessions. The mic is good enough for daily meetings. Bluetooth pairing is quick and the connection stays stable.,False,39,2025-07-02
R-01759,HP-045,Karthik M.,5,Best purchase this year,The ear cushions stay comfortable through long sessions. Multipoint pairing means I never re-pair anything. Bluetooth pairing is quick and the connection stays stable.,False,40,2025-07-06
R-01760,HP-045,Karthik R.,3,Average for the price,The ear cushions stay comfortable through long sessions. Bluetooth dropped once or twice in a crowded area. Mic quality drops in noisy places.,True,18,2026-03-09
R-01761,HP-045,Aarav J.,5,Best purchase this year,The ear cushions stay comfortable through long sessions. Multipoint pairing means I never re-pair anything. ANC makes my daily commute so much calmer.,True,13,2026-08-30
R-01762,HP-045,Imran G.,5,Absolutely love these,The ear cushions stay comfortable through long sessions. People on calls say my voice comes through clearly. Fast charging has saved me more than once.,True,13,2025-09-12
R-01763,HP-045,Lakshmi R.,5,Absolutely love these,The ear cushions stay comfortable through long sessions. Bluetooth pairing is quick and the connection stays stable. Switching between my laptop and phone is seamless.,True,2,2026-08-16
R-01764,HP-045,Aditi M.,5,Absolutely love these,The ear cushions stay comfortable through long sessions. Bluetooth pairing is quick and the connection stays stable. Multipoint pairing means I never re-pair anything.,False,18,2025-06-27
R-01765,HP-045,Naveen M.,5,Best purchase this year,The ear cushions stay comfortable through long sessions. Connects instantly every time I open the case or switch it on. People on calls say my voice comes through clearly.,False,31,2026-07-01
R-01766,HP-045,Nisha G.,4,Very good overall,The ear cushions stay comfortable through long sessions. Fast charging has saved me more than once. Mic quality drops in noisy places.,True,2,2026-04-07
R-01767,HP-045,Siddharth V.,5,Best purchase this year,The ear cushions stay comfortable through long sessions. The noise cancellation tunes out the metro and office chatter really well. Connects instantly every time I open the case or switch it on.,True,39,2025-10-21
R-01768,HP-045,Vikram P.,4,Solid pick,The ear cushions stay comfortable through long sessions. ANC makes my daily commute so much calmer. Mic quality drops in noisy places.,True,37,2025-10-09
R-01769,HP-045,Swathi R.,3,Good but not perfect,The ear cushions stay comfortable through long sessions. Mic quality drops in noisy places. Battery drains a little faster than the advertised 35 hours.,True,26,2026-04-10
R-01770,HP-046,Manoj A.,4,Very good overall,Light on-ear fit that is easy to wear all day. Multipoint pairing means I never re-pair anything. Battery drains a little faster than the advertised 32 hours.,False,5,2025-08-11
R-01771,HP-046,Aarav B.,2,Expected more,The companion controls take some getting used to. Battery drains a little faster than the advertised 32 hours. Expected better for the price.,False,40,2025-09-12
R-01772,HP-046,Naveen P.,5,Absolutely love these,Light on-ear fit that is easy to wear all day. Folds flat and slips into my bag easily. Multipoint pairing means I never re-pair anything.,True,22,2026-08-06
R-01773,HP-046,Rahul G.,5,Absolutely love these,Light on-ear fit that is easy to wear all day. The foldable frame is great for travel. People on calls say my voice comes through clearly.,True,26,2025-12-16
R-01774,HP-046,Ravi R.,3,"Decent, with caveats",Light on-ear fit that is easy to wear all day. Battery drains a little faster than the advertised 32 hours. Bluetooth dropped once or twice in a crowded area.,True,25,2025-08-08
R-01775,HP-046,Ravi C.,5,Worth every rupee,Light on-ear fit that is easy to wear all day. Connects instantly every time I open the case or switch it on. Folds flat and slips into my bag easily.,False,15,2025-07-25
R-01776,HP-046,Deepa S.,3,"Decent, with caveats",Light on-ear fit that is easy to wear all day. Battery drains a little faster than the advertised 32 hours. The build feels a little plasticky.,False,2,2026-07-28
R-01777,HP-046,Meera R.,5,Worth every rupee,Light on-ear fit that is easy to wear all day. The mic is good enough for daily meetings. Folds flat and slips into my bag easily.,False,17,2026-06-07
R-01778,HP-046,Siddharth C.,5,Best purchase this year,Light on-ear fit that is easy to wear all day. Bluetooth pairing is quick and the connection stays stable. The foldable frame is great for travel.,True,16,2026-02-01
R-01779,HP-046,Kavya D.,4,Happy with it,Light on-ear fit that is easy to wear all day. Connects instantly every time I open the case or switch it on. Bluetooth dropped once or twice in a crowded area.,True,34,2026-01-07
R-01780,HP-046,Manoj C.,3,Good but not perfect,Light on-ear fit that is easy to wear all day. The companion controls take some getting used to. Bluetooth dropped once or twice in a crowded area.,True,13,2026-01-21
R-01781,HP-046,Manoj R.,5,Best purchase this year,Light on-ear fit that is easy to wear all day. Connects instantly every time I open the case or switch it on. Switching between my laptop and phone is seamless.,True,30,2026-02-14
R-01782,HP-046,Ishita N.,4,Very good overall,Light on-ear fit that is easy to wear all day. Switching between my laptop and phone is seamless. Battery drains a little faster than the advertised 32 hours.,True,0,2025-07-07
R-01783,HP-046,Naveen C.,5,Worth every rupee,Light on-ear fit that is easy to wear all day. Switching between my laptop and phone is seamless. Bluetooth pairing is quick and the connection stays stable.,False,40,2025-11-30
R-01784,HP-046,Ananya S.,5,Worth every rupee,Light on-ear fit that is easy to wear all day. People on calls say my voice comes through clearly. Folds flat and slips into my bag easily.,True,40,2026-01-01
R-01785,HP-046,Ananya L.,3,"Decent, with caveats",Light on-ear fit that is easy to wear all day. Mic quality drops in noisy places. Bluetooth dropped once or twice in a crowded area.,False,0,2026-03-28
R-01786,HP-046,Deepa P.,4,Solid pick,Light on-ear fit that is easy to wear all day. Connects instantly every time I open the case or switch it on. Wish it had noise cancellation at this price.,True,7,2025-08-30
R-01787,HP-046,Naveen R.,4,Very good overall,Light on-ear fit that is easy to wear all day. The foldable frame is great for travel. Bluetooth dropped once or twice in a crowded area.,True,39,2026-02-17
R-01788,HP-046,Sneha A.,4,Happy with it,Light on-ear fit that is easy to wear all day. The mic is good enough for daily meetings. Bluetooth dropped once or twice in a crowded area.,True,27,2026-03-01
R-01789,HP-046,Ravi L.,5,Absolutely love these,Light on-ear fit that is easy to wear all day. The foldable frame is great for travel. Bluetooth pairing is quick and the connection stays stable.,True,2,2026-04-10
R-01790,HP-046,Manoj R.,4,Solid pick,Light on-ear fit that is easy to wear all day. The mic is good enough for daily meetings. Wish it had noise cancellation at this price.,True,16,2025-10-03
R-01791,HP-046,Nisha T.,4,Very good overall,Light on-ear fit that is easy to wear all day. The foldable frame is great for travel. Wish it had noise cancellation at this price.,True,35,2025-08-08
R-01792,HP-046,Faisal S.,5,Absolutely love these,Light on-ear fit that is easy to wear all day. Folds flat and slips into my bag easily. Switching between my laptop and phone is seamless.,True,9,2026-01-01
R-01793,HP-046,Rahul M.,5,Worth every rupee,Light on-ear fit that is easy to wear all day. People on calls say my voice comes through clearly. Switching between my laptop and phone is seamless.,True,15,2025-12-24
R-01794,HP-046,Priya H.,3,Average for the price,Light on-ear fit that is easy to wear all day. Bluetooth dropped once or twice in a crowded area. Wish it had noise cancellation at this price.,True,9,2026-05-28
R-01795,HP-046,Rahul S.,5,Absolutely love these,Light on-ear fit that is easy to wear all day. The foldable frame is great for travel. Bluetooth pairing is quick and the connection stays stable.,True,27,2026-02-01
R-01796,HP-046,Ravi C.,4,Solid pick,Light on-ear fit that is easy to wear all day. The mic is good enough for daily meetings. Wish it had noise cancellation at this price.,False,35,2026-07-12
R-01797,HP-046,Meera R.,4,Very good overall,Light on-ear fit that is easy to wear all day. Folds flat and slips into my bag easily. Wish it had noise cancellation at this price.,True,25,2025-08-03
R-01798,HP-046,Karthik H.,3,Good but not perfect,Light on-ear fit that is easy to wear all day. Bluetooth dropped once or twice in a crowded area. The companion controls take some getting used to.,True,14,2026-02-16
R-01799,HP-046,Vikram J.,5,Absolutely love these,Light on-ear fit that is easy to wear all day. The mic is good enough for daily meetings. The foldable frame is great for travel.,True,11,2025-12-11
R-01800,HP-046,Sneha M.,5,Absolutely love these,Light on-ear fit that is easy to wear all day. Multipoint pairing means I never re-pair anything. The mic is good enough for daily meetings.,True,6,2026-08-09
R-01801,HP-046,Imran L.,4,Happy with it,Light on-ear fit that is easy to wear all day. Folds flat and slips into my bag easily. Wish it had noise cancellation at this price.,True,37,2025-09-01
R-01802,HP-047,Siddharth B.,5,Worth every rupee,The ear cushions stay comfortable through long sessions. ANC makes my daily commute so much calmer. The mic is good enough for daily meetings.,False,20,2025-10-01
R-01803,HP-047,Varun B.,5,Worth every rupee,The ear cushions stay comfortable through long sessions. Bluetooth pairing is quick and the connection stays stable. A ten minute charge gives hours of playback.,True,8,2025-12-11
R-01804,HP-047,Karthik B.,5,Best purchase this year,The ear cushions stay comfortable through long sessions. Fast charging has saved me more than once. Multipoint pairing means I never re-pair anything.,True,3,2026-05-07
R-01805,HP-047,Sneha E.,5,Best purchase this year,The ear cushions stay comfortable through long sessions. People on calls say my voice comes through clearly. The foldable frame is great for travel.,True,35,2026-08-18
R-01806,HP-047,Suresh S.,5,Worth every rupee,The ear cushions stay comfortable through long sessions. Multipoint pairing means I never re-pair anything. Bluetooth pairing is quick and the connection stays stable.,True,36,2026-07-02
R-01807,HP-047,Varun G.,4,Solid pick,The ear cushions stay comfortable through long sessions. The mic is good enough for daily meetings. The companion controls take some getting used to.,False,29,2025-10-07
R-01808,HP-047,Sneha P.,4,Happy with it,The ear cushions stay comfortable through long sessions. Connects instantly every time I open the case or switch it on. The companion controls take some getting used to.,True,1,2025-06-24
R-01809,HP-047,Suresh S.,5,Absolutely love these,The ear cushions stay comfortable through long sessions. Folds flat and slips into my bag easily. Fast charging has saved me more than once.,False,25,2026-05-25
R-01810,HP-047,Imran T.,3,Good but not perfect,The ear cushions stay comfortable through long sessions. Mic quality drops in noisy places. Bluetooth dropped once or twice in a crowded area.,True,11,2026-06-05
R-01811,HP-047,Karthik G.,5,Best purchase this year,The ear cushions stay comfortable through long sessions. The noise cancellation tunes out the metro and office chatter really well. Bluetooth pairing is quick and the connection stays stable.,True,32,2025-11-22
R-01812,HP-047,Kavya P.,4,Solid pick,The ear cushions stay comfortable through long sessions. The mic is good enough for daily meetings. The build feels a little plasticky.,True,24,2026-06-11
R-01813,HP-047,Imran S.,5,Absolutely love these,The ear cushions stay comfortable through long sessions. Fast charging has saved me more than once. People on calls say my voice comes through clearly.,True,30,2026-01-19
R-01814,HP-047,Imran D.,4,Very good overall,The ear cushions stay comfortable through long sessions. A ten minute charge gives hours of playback. The companion controls take some getting used to.,False,4,2026-05-07
R-01815,HP-047,Imran C.,5,Best purchase this year,The ear cushions stay comfortable through long sessions. The foldable frame is great for travel. Connects instantly every time I open the case or switch it on.,True,11,2026-02-25
R-01816,HP-047,Vikram B.,5,Absolutely love these,The ear cushions stay comfortable through long sessions. The mic is good enough for daily meetings. The foldable frame is great for travel.,False,5,2026-06-26
R-01817,HP-047,Ravi G.,5,Best purchase this year,The ear cushions stay comfortable through long sessions. The foldable frame is great for travel. Bluetooth pairing is quick and the connection stays stable.,True,9,2025-07-28
R-01818,HP-047,Nisha A.,5,Best purchase this year,The ear cushions stay comfortable through long sessions. The foldable frame is great for travel. Multipoint pairing means I never re-pair anything.,True,30,2026-05-06
R-01819,HP-047,Lakshmi L.,5,Absolutely love these,The ear cushions stay comfortable through long sessions. Folds flat and slips into my bag easily. A ten minute charge gives hours of playback.,True,36,2025-08-16
R-01820,HP-047,Manoj S.,5,Worth every rupee,The ear cushions stay comfortable through long sessions. Switching between my laptop and phone is seamless. The mic is good enough for daily meetings.,True,0,2025-08-12
R-01821,HP-047,Kavya M.,4,Solid pick,The ear cushions stay comfortable through long sessions. A ten minute charge gives hours of playback. Sound is fine but not exceptional for the price.,False,0,2026-06-11
R-01822,HP-047,Manoj L.,4,Solid pick,The ear cushions stay comfortable through long sessions. ANC makes my daily commute so much calmer. Battery drains a little faster than the advertised 52 hours.,True,38,2026-04-04
R-01823,HP-047,Pooja B.,4,Very good overall,The ear cushions stay comfortable through long sessions. Multipoint pairing means I never re-pair anything. Bluetooth dropped once or twice in a crowded area.,True,28,2025-09-03
R-01824,HP-047,Deepa P.,5,Best purchase this year,The ear cushions stay comfortable through long sessions. Switching between my laptop and phone is seamless. The foldable frame is great for travel.,True,31,2026-07-03
R-01825,HP-047,Shruti H.,4,Happy with it,The ear cushions stay comfortable through long sessions. Multipoint pairing means I never re-pair anything. Mic quality drops in noisy places.,True,2,2025-09-24
R-01826,HP-047,Pooja K.,4,Very good overall,The ear cushions stay comfortable through long sessions. The foldable frame is great for travel. Sound is fine but not exceptional for the price.,False,27,2026-01-23
R-01827,HP-047,Shruti L.,5,Worth every rupee,The ear cushions stay comfortable through long sessions. People on calls say my voice comes through clearly. A ten minute charge gives hours of playback.,False,37,2025-08-20
R-01828,HP-047,Harish J.,4,Happy with it,The ear cushions stay comfortable through long sessions. Switching between my laptop and phone is seamless. Bluetooth dropped once or twice in a crowded area.,True,23,2026-07-13
R-01829,HP-047,Meera S.,5,Best purchase this year,The ear cushions stay comfortable through long sessions. Folds flat and slips into my bag easily. Fast charging has saved me more than once.,True,18,2026-05-14
R-01830,HP-047,Deepa C.,5,Absolutely love these,The ear cushions stay comfortable through long sessions. Bluetooth pairing is quick and the connection stays stable. Multipoint pairing means I never re-pair anything.,True,11,2026-04-16
R-01831,HP-047,Varun E.,5,Worth every rupee,The ear cushions stay comfortable through long sessions. The foldable frame is great for travel. Switching between my laptop and phone is seamless.,True,21,2025-08-24
R-01832,HP-047,Manoj A.,4,Happy with it,The ear cushions stay comfortable through long sessions. The mic is good enough for daily meetings. Mic quality drops in noisy places.,True,7,2025-11-02
R-01833,HP-047,Imran H.,5,Worth every rupee,The ear cushions stay comfortable through long sessions. Bluetooth pairing is quick and the connection stays stable. A ten minute charge gives hours of playback.,True,22,2026-02-04
